ID,User_ID,Bot_Strategy,Accuracy
0,4,59,0.9861
1,4,59,0.0738
2,4,59,0.9781
3,4,59,0.9659
4,4,59,0.8180
5,4,59,0.9724
6,4,59,0.9796
7,4,59,0.2843
8,4,59,0.7367
9,4,59,0.6861
20,7,59,0.7791
21,7,59,0.9920
22,7,59,0.7324
23,7,59,0.5836
24,7,59,0.5338
25,7,59,0.6751
26,7,59,0.9771
27,7,59,0.9751
28,7,59,0.9779
149,15,59,0.1726
150,15,59,0.5568
151,15,59,0.5596
152,15,59,0.9745
153,15,59,0.9849
154,15,59,0.9880
155,15,59,0.9865
156,15,59,0.8518
157,15,59,0.9847
245,22,59,0.7225
246,22,59,0.8495
247,22,59,0.9511
248,22,59,0.4271
249,22,59,0.9830
250,22,59,0.9629
251,22,59,0.9755
252,22,59,0.9766
253,22,59,0.6167
254,22,59,0.8945
10,4,19,0.8478
11,4,19,0.9140
12,4,19,0.9697
13,4,19,0.9089
14,4,19,0.9770
15,4,19,0.9790
16,4,19,0.9830
17,4,19,0.9183
18,4,19,0.0242
19,4,19,0.9110
29,7,19,0.5851
30,7,19,0.9524
31,7,19,0.4864
32,7,19,0.7662
33,7,19,0.9288
34,7,19,0.7677
35,7,19,0.0837
36,7,19,0.6208
37,7,19,0.9555
38,7,19,0.9778
158,15,19,0.7265
159,15,19,0.8011
160,15,19,0.9369
161,15,19,0.9413
162,15,19,0.2421
163,15,19,0.8521
164,15,19,0.7214
165,15,19,0.8720
255,22,59,0.7538
256,22,59,0.5540
257,22,59,0.4753
258,22,59,0.8984
259,22,59,0.8215
260,22,59,0.9769
261,22,59,0.9852
262,22,59,0.9843
39,7,19,0.9147
40,7,19,0.9604
41,7,19,0.3539
42,7,19,0.6486
43,7,19,0.7989
44,7,19,0.9794
45,7,19,0.1325
46,7,19,0.4810
47,7,19,0.6053
48,7,19,0.6926
166,15,19,0.2267
167,15,19,0.4650
168,15,19,0.9520
169,15,19,0.9677
170,15,19,0.9722
171,15,19,0.9047
172,15,19,0.2526
173,15,19,0.3701
174,15,19,0.1591
263,22,19,0.6249
264,22,19,0.9590
265,22,19,0.1018
266,22,19,0.6348
267,22,19,0.3372
268,22,19,0.7726
269,22,19,0.9488
270,22,19,0.3639
271,22,19,0.9692
272,22,19,0.9207
344,31,59,0.9482
345,31,59,0.9832
346,31,59,0.9924
347,31,59,0.7657
348,31,59,0.9787
349,31,59,0.9927
350,31,59,0.9864
351,31,59,0.6907
352,31,59,0.9049
353,31,59,0.5679
49,7,19,0.8462
50,7,19,0.9826
51,7,19,0.8490
52,7,19,0.9785
53,7,19,0.9901
54,7,19,0.9918
55,7,19,0.9935
56,7,19,0.9935
57,7,19,0.9945
58,7,19,0.9941
175,15,19,0.7394
176,15,19,0.9459
177,15,19,0.9514
178,15,19,0.8599
179,15,19,0.9786
180,15,19,0.2647
181,15,19,0.8986
182,15,19,0.5086
183,15,19,0.3500
184,15,19,0.2238
273,22,19,0.9520
274,22,19,0.9655
275,22,19,0.8950
276,22,19,0.5120
354,31,59,0.9538
355,31,59,0.5282
356,31,59,0.7068
357,31,59,0.8398
358,31,59,0.9690
359,31,59,0.6232
360,31,59,0.6656
361,31,59,0.0189
362,31,59,0.9093
59,7,19,0.1116
60,7,19,0.7751
61,7,19,0.9731
62,7,19,0.9813
63,7,19,0.9916
64,7,19,0.9906
65,7,19,0.9890
66,7,19,0.9876
67,7,19,0.9897
68,7,19,0.9910
185,15,19,0.9668
186,15,19,0.9052
187,15,19,0.9823
188,15,19,0.9807
189,15,19,0.9881
190,15,19,0.8694
191,15,19,0.3312
192,15,19,0.8910
193,15,19,0.6787
194,15,19,0.5448
277,22,19,0.7722
278,22,19,0.9024
279,22,19,0.7423
280,22,19,0.6530
281,22,19,0.7442
282,22,19,0.3441
363,31,59,0.4050
364,31,59,0.8362
365,31,59,0.9474
366,31,59,0.6362
367,31,59,0.4074
368,31,59,0.3886
369,31,59,0.1149
69,7,19,0.9008
70,7,19,0.0368
71,7,19,0.9716
72,7,19,0.9888
73,7,19,0.9896
74,7,19,0.9915
75,7,19,0.9917
76,7,19,0.9919
77,7,19,0.9903
78,7,19,0.9906
195,15,19,0.7125
196,15,19,0.8147
197,15,19,0.8506
198,15,19,0.4660
199,15,19,0.9714
200,15,19,0.9318
201,15,19,0.6546
202,15,19,0.7559
203,15,19,0.8636
204,15,19,0.9565
283,22,19,0.6309
284,22,19,0.6575
285,22,19,0.4411
286,22,19,0.9687
287,22,19,0.6054
288,22,19,0.1477
289,22,19,0.9313
290,22,19,0.7676
291,22,19,0.5550
292,22,19,0.3471
370,31,59,0.8537
371,31,59,0.9171
372,31,59,0.8494
373,31,59,0.7403
374,31,59,0.6696
375,31,59,0.9704
376,31,59,0.2883
377,31,59,0.4149
378,31,59,0.4497
379,31,59,0.9689
79,7,19,0.9325
80,7,19,0.2409
81,7,19,0.9355
82,7,19,0.9723
83,7,19,0.9830
84,7,19,0.9899
85,7,19,0.9922
86,7,19,0.9931
87,7,19,0.9932
88,7,19,0.9927
205,15,19,0.6443
206,15,19,0.7839
207,15,19,0.7486
208,15,19,0.9360
209,15,19,0.9312
210,15,19,0.7585
211,15,19,0.4340
212,15,19,0.1005
213,15,19,0.9588
214,15,19,0.9745
293,22,19,0.2288
294,22,19,0.6737
380,31,19,0.1772
381,31,19,0.3857
382,31,19,0.5495
383,31,19,0.8601
89,7,19,0.9167
90,7,19,0.9748
91,7,19,0.9875
92,7,19,0.9919
93,7,19,0.9919
94,7,19,0.9932
95,7,19,0.9916
96,7,19,0.9913
97,7,19,0.9937
98,7,19,0.9942
215,15,19,0.1226
216,15,19,0.5186
217,15,19,0.7659
218,15,19,0.8895
219,15,19,0.9495
220,15,19,0.9689
221,15,19,0.9737
222,15,19,0.9748
223,15,19,0.9771
224,15,19,0.9785
295,22,19,0.7897
296,22,19,0.6656
297,22,19,0.9729
298,22,19,0.2954
299,22,19,0.9733
300,22,19,0.8778
301,22,19,0.9778
302,22,19,0.9745
303,22,19,0.6711
304,22,19,0.9663
384,31,19,0.5992
385,31,19,0.7618
386,31,19,0.9659
387,31,19,0.9552
388,31,19,0.9724
389,31,19,0.9420
390,31,19,0.9517
391,31,19,0.9677
392,31,19,0.9174
393,31,19,0.7802
99,7,19,0.0587
100,7,19,0.6894
101,7,19,0.9182
102,7,19,0.9735
103,7,19,0.9705
104,7,19,0.9797
105,7,19,0.9805
106,7,19,0.9823
107,7,19,0.9798
108,7,19,0.9838
225,15,19,0.1164
226,15,19,0.3564
227,15,19,0.5669
228,15,19,0.4460
229,15,19,0.2428
230,15,19,0.7167
231,15,19,0.7210
232,15,19,0.7830
233,15,19,0.9704
234,15,19,0.9264
305,22,19,0.9840
306,22,19,0.4910
307,22,19,0.9700
308,22,19,0.4103
394,33,59,0.9526
395,33,59,0.6476
396,33,59,0.9845
397,33,59,0.9917
398,33,59,0.9159
399,33,59,0.9870
400,33,59,0.5044
401,33,59,0.3352
402,33,59,0.2288
109,7,19,0.7963
110,7,19,0.8696
111,7,19,0.8810
112,7,19,0.5134
113,7,19,0.5063
114,7,19,0.4340
115,7,19,0.9590
116,7,19,0.9888
117,7,19,0.9912
118,7,19,0.9931
235,15,19,0.8932
236,15,19,0.9149
237,15,19,0.9654
238,15,19,0.9130
239,15,19,0.9557
240,15,19,0.2011
241,15,19,0.6918
242,15,19,0.8940
243,15,19,0.9752
244,15,19,0.8070
309,22,19,0.8050
310,22,19,0.7541
311,22,19,0.7154
312,22,19,0.7238
313,22,19,0.8192
314,22,19,0.6389
315,22,19,0.7406
316,22,19,0.8351
317,22,19,0.6843
318,22,19,0.8516
403,33,59,0.8760
404,33,59,0.8750
405,33,59,0.9283
406,33,59,0.2419
407,33,59,0.4859
119,7,19,0.9583
120,7,19,0.5476
121,7,19,0.2739
122,7,19,0.3800
123,7,19,0.9377
124,7,19,0.4949
125,7,19,0.9792
126,7,19,0.9484
127,7,19,0.4339
128,7,19,0.9545
319,22,19,0.8927
320,22,19,0.5907
321,22,19,0.8635
322,22,19,0.8784
323,22,19,0.4841
324,22,19,0.4211
325,22,19,0.2873
408,33,59,0.9836
409,33,59,0.9759
410,33,59,0.9849
411,33,59,0.8599
412,33,59,0.9843
413,33,59,0.9824
414,33,59,0.7717
415,33,59,0.2424
416,33,59,0.9770
417,33,59,0.9313
457,37,59,0.6990
458,37,59,0.9271
459,37,59,0.8589
460,37,59,0.3832
461,37,59,0.6869
462,37,59,0.9849
463,37,59,0.9502
464,37,59,0.6994
465,37,59,0.8340
466,37,59,0.5637
129,7,19,0.8044
130,7,19,0.8854
131,7,19,0.5314
132,7,19,0.8293
133,7,19,0.9382
134,7,19,0.9687
135,7,19,0.8582
136,7,19,0.4665
137,7,19,0.9766
138,7,19,0.9235
326,22,19,0.8620
327,22,19,0.9190
328,22,19,0.8886
329,22,19,0.7022
330,22,19,0.7987
331,22,19,0.2803
332,22,19,0.1438
333,22,19,0.1560
418,33,19,0.8213
419,33,19,0.9223
420,33,19,0.9630
421,33,19,0.1550
422,33,19,0.7482
423,33,19,0.7659
424,33,19,0.6431
425,33,19,0.9626
426,33,19,0.6726
467,37,59,0.9332
468,37,59,0.5279
469,37,59,0.5164
139,7,19,0.6529
140,7,19,0.9653
141,7,19,0.6222
142,7,19,0.9602
143,7,19,0.9830
144,7,19,0.9903
145,7,19,0.9907
146,7,19,0.9749
147,7,19,0.9914
148,7,19,0.9896
334,22,19,0.8820
335,22,19,0.9383
336,22,19,0.9774
337,22,19,0.5775
338,22,19,0.9857
339,22,19,0.4409
340,22,19,0.9865
341,22,19,0.9708
342,22,19,0.7980
343,22,19,0.8573
427,33,19,0.6252
428,33,19,0.9295
429,33,19,0.9590
430,33,19,0.6632
431,33,19,0.9811
432,33,19,0.7800
433,33,19,0.5443
434,33,19,0.0242
435,33,19,0.3510
470,37,59,0.8712
471,37,59,0.0946
472,37,59,0.9294
473,37,59,0.5243
474,37,59,0.1386
475,37,59,0.9528
476,37,59,0.9430
477,37,59,0.8900
478,37,59,0.7023
479,37,59,0.5834
436,33,19,0.7814
437,33,19,0.9847
438,33,19,0.5713
439,33,19,0.6714
440,33,19,0.1700
441,33,19,0.4095
442,33,19,0.3152
443,33,19,0.9432
444,33,19,0.8497
445,33,19,0.4858
480,37,59,0.7406
481,37,59,0.9897
482,37,59,0.0979
483,37,59,0.3538
484,37,59,0.8680
567,38,59,0.8531
568,38,59,0.0163
569,38,59,0.9215
570,38,59,0.1442
571,38,59,0.8758
572,38,59,0.6145
573,38,59,0.3050
604,43,59,0.7595
605,43,59,0.8799
606,43,59,0.7091
607,43,59,0.6002
608,43,59,0.3434
609,43,59,0.6263
610,43,59,0.2882
611,43,59,0.8277
612,43,59,0.8547
613,43,59,0.9443
446,33,19,0.5315
447,33,19,0.9802
448,33,19,0.9730
449,33,19,0.9790
450,33,19,0.9624
451,33,19,0.9559
452,33,19,0.9648
453,33,19,0.9597
454,33,19,0.9781
455,33,19,0.4984
485,37,59,0.8439
486,37,59,0.5684
487,37,59,0.5943
488,37,59,0.6415
489,37,59,0.9559
490,37,59,0.9614
491,37,59,0.9626
492,37,59,0.9102
493,37,59,0.6854
494,37,59,0.8641
574,38,59,0.8369
575,38,59,0.8730
576,38,59,0.9230
577,38,59,0.9047
578,38,59,0.6553
579,38,59,0.9824
580,38,59,0.3203
581,38,59,0.8944
582,38,59,0.8740
583,38,59,0.0983
614,43,59,0.8795
615,43,59,0.6076
616,43,59,0.6864
617,43,59,0.9623
618,43,59,0.8500
619,43,59,0.7697
620,43,59,0.1861
621,43,59,0.3580
622,43,59,0.0494
623,43,59,0.9362
456,33,19,0.3002
495,37,19,0.7936
496,37,19,0.6801
497,37,19,0.6218
498,37,19,0.9153
499,37,19,0.5445
500,37,19,0.6113
501,37,19,0.9267
502,37,19,0.4039
503,37,19,0.6584
504,37,19,0.8224
584,38,59,0.9755
585,38,59,0.9760
586,38,59,0.9498
587,38,59,0.7389
588,38,59,0.6231
589,38,59,0.5151
590,38,59,0.5539
591,38,59,0.9779
592,38,59,0.9876
593,38,59,0.6733
624,43,59,0.9297
625,43,59,0.7815
626,43,59,0.7822
627,43,59,0.6168
628,43,59,0.6113
629,43,59,0.7382
630,43,59,0.1578
631,43,59,0.7352
632,43,59,0.7881
633,43,59,0.9154
505,37,19,0.5795
506,37,19,0.9819
507,37,19,0.9759
508,37,19,0.4369
509,37,19,0.4200
510,37,19,0.8288
594,38,19,0.7945
595,38,19,0.0965
596,38,19,0.1828
597,38,19,0.4374
598,38,19,0.4880
599,38,19,0.9743
600,38,19,0.6374
601,38,19,0.6453
602,38,19,0.7674
603,38,19,0.6743
634,43,59,0.7621
635,43,59,0.9835
636,43,59,0.6113
637,43,59,0.9782
638,43,59,0.6332
639,43,59,0.9398
640,43,59,0.4322
641,43,59,0.8457
642,43,59,0.1063
643,43,59,0.7819
782,46,59,0.3345
783,46,59,0.2145
784,46,59,0.7889
785,46,59,0.9493
786,46,59,0.4343
787,46,59,0.9122
788,46,59,0.5300
789,46,59,0.8415
790,46,59,0.9683
791,46,59,0.9829
511,37,19,0.3004
512,37,19,0.5054
644,43,59,0.9131
645,43,59,0.9341
646,43,59,0.7222
647,43,59,0.9503
648,43,59,0.2952
649,43,59,0.3653
650,43,59,0.8730
651,43,59,0.8546
652,43,59,0.0188
653,43,59,0.7730
792,46,59,0.9797
793,46,59,0.9820
794,46,59,0.7136
795,46,59,0.3444
796,46,59,0.5081
797,46,59,0.9704
798,46,59,0.9054
799,46,59,0.2137
800,46,59,0.7097
801,46,59,0.9196
842,47,59,0.9356
843,47,59,0.9848
844,47,59,0.9899
845,47,59,0.9934
846,47,59,0.9860
847,47,59,0.7183
848,47,59,0.1562
849,47,59,0.8471
850,47,59,0.9776
851,47,59,0.0393
513,37,19,0.8216
514,37,19,0.9759
515,37,19,0.9876
516,37,19,0.8911
517,37,19,0.9685
518,37,19,0.1164
519,37,19,0.1403
654,43,59,0.5926
655,43,59,0.9394
656,43,59,0.8810
657,43,59,0.8170
658,43,59,0.9813
659,43,59,0.7650
660,43,59,0.0401
661,43,59,0.6310
662,43,59,0.9687
663,43,59,0.9781
802,46,59,0.9279
803,46,59,0.0684
804,46,59,0.9239
805,46,59,0.9784
806,46,59,0.9154
807,46,59,0.7583
808,46,59,0.9544
809,46,59,0.9635
810,46,59,0.9797
811,46,59,0.7650
852,47,59,0.5979
853,47,59,0.9257
854,47,59,0.9549
855,47,59,0.4922
856,47,59,0.9663
857,47,59,0.9550
858,47,59,0.6329
520,37,19,0.6353
521,37,19,0.6331
522,37,19,0.8048
664,43,59,0.9526
665,43,59,0.4191
666,43,59,0.9002
667,43,59,0.9389
668,43,59,0.7540
669,43,59,0.6245
670,43,59,0.7013
671,43,59,0.0721
672,43,59,0.7253
673,43,59,0.7316
812,46,59,0.9141
813,46,59,0.9059
814,46,59,0.8487
815,46,59,0.6012
816,46,59,0.2238
817,46,59,0.8676
818,46,59,0.9631
819,46,59,0.9686
820,46,59,0.3614
821,46,59,0.9700
859,47,59,0.8418
860,47,59,0.9660
861,47,59,0.9486
862,47,59,0.2032
863,47,59,0.7443
864,47,59,0.8809
865,47,59,0.0748
866,47,59,0.9209
867,47,59,0.8038
868,47,59,0.9830
523,37,19,0.5511
524,37,19,0.9736
525,37,19,0.9594
526,37,19,0.3194
527,37,19,0.7409
528,37,19,0.8315
529,37,19,0.3708
674,43,59,0.9270
675,43,59,0.3568
676,43,59,0.5727
677,43,59,0.2330
678,43,59,0.7971
679,43,59,0.6798
680,43,59,0.7461
681,43,59,0.8814
682,43,59,0.9510
683,43,59,0.9687
822,46,19,0.8818
823,46,19,0.7335
824,46,19,0.8823
825,46,19,0.5268
826,46,19,0.8390
827,46,19,0.3382
828,46,19,0.9656
829,46,19,0.9857
830,46,19,0.0829
831,46,19,0.6802
869,47,59,0.3458
870,47,59,0.9205
871,47,59,0.8077
872,47,59,0.3833
873,47,59,0.5229
874,47,59,0.8260
875,47,59,0.9644
876,47,59,0.9788
877,47,59,0.9819
530,37,19,0.8281
531,37,19,0.9768
532,37,19,0.0156
533,37,19,0.7114
534,37,19,0.0846
535,37,19,0.3613
536,37,19,0.7830
537,37,19,0.9603
538,37,19,0.9125
539,37,19,0.9670
684,43,59,0.9325
685,43,59,0.9760
686,43,59,0.3033
687,43,59,0.5908
688,43,59,0.5565
689,43,59,0.5862
690,43,59,0.9731
691,43,59,0.3754
692,43,59,0.2187
693,43,59,0.7157
832,46,19,0.5296
833,46,19,0.5750
834,46,19,0.9638
835,46,19,0.9420
836,46,19,0.9293
837,46,19,0.9869
838,46,19,0.9871
839,46,19,0.9920
840,46,19,0.9918
841,46,19,0.9765
878,47,19,0.8919
879,47,19,0.4594
880,47,19,0.9060
881,47,19,0.9511
882,47,19,0.9531
883,47,19,0.9752
884,47,19,0.9485
885,47,19,0.2493
540,37,19,0.7121
541,37,19,0.3008
542,37,19,0.2210
694,43,59,0.9055
695,43,59,0.9598
696,43,59,0.9819
697,43,59,0.6860
698,43,59,0.9602
699,43,59,0.4972
700,43,59,0.9738
701,43,59,0.5874
702,43,59,0.7000
703,43,59,0.1066
886,47,19,0.9319
887,47,19,0.9651
888,47,19,0.9666
889,47,19,0.2526
890,47,19,0.7080
891,47,19,0.2644
892,47,19,0.9456
893,47,19,0.1039
894,47,19,0.1640
944,50,59,0.8593
945,50,59,0.9777
946,50,59,0.9638
947,50,59,0.9332
948,50,59,0.9639
949,50,59,0.1693
950,50,59,0.7697
951,50,59,0.9681
543,37,19,0.9509
544,37,19,0.9021
545,37,19,0.3311
546,37,19,0.4101
547,37,19,0.3583
704,43,59,0.8030
705,43,59,0.9638
706,43,59,0.9575
707,43,59,0.9806
708,43,59,0.9634
709,43,59,0.9730
710,43,59,0.8353
711,43,59,0.0746
895,47,19,0.1758
896,47,19,0.8091
952,50,59,0.3292
953,50,59,0.9053
954,50,59,0.7268
955,50,59,0.7102
956,50,59,0.9359
957,50,59,0.9528
548,37,19,0.8138
549,37,19,0.5338
550,37,19,0.6548
551,37,19,0.4623
552,37,19,0.8152
553,37,19,0.9793
554,37,19,0.5147
555,37,19,0.6414
556,37,19,0.2174
712,43,19,0.4297
713,43,19,0.7520
714,43,19,0.6816
715,43,19,0.9060
716,43,19,0.3080
717,43,19,0.6356
718,43,19,0.3487
719,43,19,0.5546
720,43,19,0.9397
721,43,19,0.9198
897,47,19,0.9016
898,47,19,0.8549
899,47,19,0.9838
900,47,19,0.7387
901,47,19,0.9154
902,47,19,0.3268
903,47,19,0.7040
958,50,59,0.5116
959,50,59,0.9748
960,50,59,0.9147
961,50,59,0.9663
962,50,59,0.7057
963,50,59,0.9601
964,50,59,0.9176
965,50,59,0.9278
966,50,59,0.3143
967,50,59,0.8758
557,37,19,0.7181
558,37,19,0.9644
559,37,19,0.9860
560,37,19,0.9268
561,37,19,0.2188
562,37,19,0.8383
563,37,19,0.7480
564,37,19,0.9779
565,37,19,0.9668
566,37,19,0.8814
722,43,19,0.8036
723,43,19,0.7385
724,43,19,0.6692
725,43,19,0.6395
726,43,19,0.9501
727,43,19,0.8528
728,43,19,0.7298
729,43,19,0.0936
730,43,19,0.8730
731,43,19,0.9641
904,47,19,0.8797
905,47,19,0.6647
906,47,19,0.9776
907,47,19,0.9796
908,47,19,0.8480
909,47,19,0.6848
910,47,19,0.8552
911,47,19,0.7386
912,47,19,0.5273
913,47,19,0.4507
968,50,59,0.8959
969,50,59,0.3556
970,50,59,0.6281
971,50,59,0.9018
972,50,59,0.9371
973,50,59,0.4219
974,50,59,0.9392
975,50,59,0.9154
976,50,59,0.9751
977,50,59,0.1716
732,43,19,0.7837
733,43,19,0.6637
734,43,19,0.9549
735,43,19,0.8799
736,43,19,0.9559
737,43,19,0.9782
738,43,19,0.8792
739,43,19,0.3783
740,43,19,0.9614
741,43,19,0.9641
914,47,19,0.8654
915,47,19,0.4316
916,47,19,0.1909
978,50,59,0.7972
979,50,59,0.9192
980,50,59,0.5744
981,50,59,0.8941
982,50,59,0.9619
983,50,59,0.3063
984,50,59,0.8748
985,50,59,0.9729
986,50,59,0.9610
987,50,59,0.1616
1045,51,59,0.5190
1046,51,59,0.5269
1047,51,59,0.6654
1048,51,59,0.9751
1049,51,59,0.9773
1050,51,59,0.0916
1051,51,59,0.9344
1052,51,59,0.7741
1053,51,59,0.9643
1054,51,59,0.9493
742,43,19,0.4388
743,43,19,0.9877
744,43,19,0.8131
745,43,19,0.2723
746,43,19,0.1963
747,43,19,0.5226
748,43,19,0.7330
749,43,19,0.9743
750,43,19,0.0257
751,43,19,0.9115
917,47,19,0.2775
918,47,19,0.6153
988,50,59,0.9049
989,50,59,0.5321
990,50,59,0.4407
991,50,59,0.9668
992,50,59,0.4481
993,50,59,0.4035
994,50,59,0.5301
995,50,59,0.9132
996,50,59,0.0306
1055,51,59,0.1769
1056,51,59,0.4107
1057,51,59,0.9763
1058,51,59,0.9530
1059,51,59,0.7546
1060,51,59,0.7998
1061,51,59,0.1876
1062,51,59,0.8366
1063,51,59,0.9736
752,43,19,0.3766
753,43,19,0.6189
754,43,19,0.6513
755,43,19,0.4021
756,43,19,0.4692
757,43,19,0.6198
758,43,19,0.9773
759,43,19,0.9660
760,43,19,0.9787
761,43,19,0.8123
919,47,19,0.8814
920,47,19,0.8040
921,47,19,0.9631
922,47,19,0.6103
923,47,19,0.6417
924,47,19,0.3497
997,50,59,0.4544
998,50,59,0.7764
999,50,59,0.7849
1000,50,59,0.9407
1001,50,59,0.6079
1002,50,59,0.8939
1003,50,59,0.9800
1004,50,59,0.4247
1005,50,59,0.9235
1006,50,59,0.9639
1064,51,19,0.8515
1065,51,19,0.6251
1066,51,19,0.9788
1067,51,19,0.7371
1068,51,19,0.3760
1069,51,19,0.9050
1070,51,19,0.6822
1071,51,19,0.9495
1072,51,19,0.6976
1073,51,19,0.8512
762,43,19,0.5756
763,43,19,0.7350
764,43,19,0.6704
765,43,19,0.8234
766,43,19,0.5678
767,43,19,0.2828
768,43,19,0.9046
769,43,19,0.9727
770,43,19,0.9817
771,43,19,0.2050
925,47,19,0.7134
926,47,19,0.9691
927,47,19,0.7342
928,47,19,0.8376
929,47,19,0.4504
930,47,19,0.7897
1007,50,59,0.7900
1008,50,59,0.9395
1009,50,59,0.7363
1010,50,59,0.7408
1011,50,59,0.9610
1012,50,59,0.9844
1013,50,59,0.6379
1014,50,59,0.9824
1015,50,59,0.9813
1074,51,19,0.6221
1075,51,19,0.4012
1076,51,19,0.2811
1077,51,19,0.6905
1078,51,19,0.8603
1079,51,19,0.9769
1080,51,19,0.8467
1081,51,19,0.2668
1082,51,19,0.7219
1083,51,19,0.2382
772,43,19,0.4431
773,43,19,0.7019
774,43,19,0.3387
775,43,19,0.9623
776,43,19,0.9034
777,43,19,0.9533
778,43,19,0.8997
779,43,19,0.4443
780,43,19,0.9807
781,43,19,0.7959
931,47,19,0.6439
932,47,19,0.5148
933,47,19,0.2186
1016,50,19,0.6620
1017,50,19,0.7399
1018,50,19,0.3519
1019,50,19,0.6832
1020,50,19,0.4107
1084,51,19,0.8360
1085,51,19,0.8902
1086,51,19,0.9713
1087,51,19,0.8202
1088,51,19,0.6970
1089,51,19,0.9150
1090,51,19,0.8910
1091,51,19,0.0808
1092,51,19,0.7705
1093,51,19,0.9677
934,47,19,0.8270
935,47,19,0.9744
936,47,19,0.9215
937,47,19,0.5272
938,47,19,0.7689
939,47,19,0.6300
940,47,19,0.6277
941,47,19,0.9713
942,47,19,0.2965
943,47,19,0.9815
1021,50,19,0.7830
1022,50,19,0.1778
1023,50,19,0.3076
1024,50,19,0.6835
1025,50,19,0.8990
1026,50,19,0.8510
1094,51,19,0.9583
1095,51,19,0.9732
1096,51,19,0.8397
1097,51,19,0.4898
1098,51,19,0.5284
1099,51,19,0.6322
1100,51,19,0.4081
1101,51,19,0.8928
1102,51,19,0.9133
1103,51,19,0.3906
1137,52,59,0.6227
1138,52,59,0.9302
1139,52,59,0.9386
1027,50,19,0.8657
1028,50,19,0.8770
1029,50,19,0.7385
1030,50,19,0.8883
1031,50,19,0.3712
1032,50,19,0.8729
1104,51,19,0.7169
1105,51,19,0.8629
1106,51,19,0.9739
1107,51,19,0.8352
1108,51,19,0.8366
1109,51,19,0.5126
1110,51,19,0.9446
1111,51,19,0.5084
1112,51,19,0.7636
1113,51,19,0.9748
1140,52,59,0.9765
1141,52,59,0.7874
1142,52,59,0.1051
1143,52,59,0.3269
1144,52,59,0.1943
1145,52,59,0.3903
1146,52,59,0.5813
1147,52,59,0.8503
1148,52,59,0.5554
1149,52,59,0.9351
1243,58,59,0.9503
1244,58,59,0.8874
1245,58,59,0.9806
1246,58,59,0.9918
1247,58,59,0.7568
1248,58,59,0.9245
1249,58,59,0.6222
1250,58,59,0.5181
1251,58,59,0.6297
1252,58,59,0.7644
1033,50,19,0.7291
1034,50,19,0.5902
1035,50,19,0.9719
1036,50,19,0.8980
1037,50,19,0.5226
1038,50,19,0.9835
1039,50,19,0.9556
1040,50,19,0.5064
1041,50,19,0.9150
1042,50,19,0.9636
1114,51,19,0.9474
1115,51,19,0.9245
1116,51,19,0.3792
1117,51,19,0.8685
1118,51,19,0.9548
1119,51,19,0.7170
1120,51,19,0.9797
1121,51,19,0.7685
1122,51,19,0.9306
1123,51,19,0.9576
1150,52,59,0.3334
1151,52,59,0.9238
1253,58,19,0.5242
1254,58,19,0.3906
1255,58,19,0.8888
1256,58,19,0.1229
1257,58,19,0.4434
1258,58,19,0.3538
1259,58,19,0.5310
1260,58,19,0.4377
1261,58,19,0.9080
1262,58,19,0.9730
1043,50,19,0.6476
1124,51,19,0.5419
1152,52,59,0.4412
1153,52,59,0.8655
1154,52,59,0.3788
1155,52,59,0.9163
1156,52,59,0.0650
1157,52,59,0.8589
1158,52,59,0.8430
1159,52,59,0.9605
1160,52,59,0.9779
1161,52,59,0.9786
1263,58,19,0.6493
1264,58,19,0.2604
1265,58,19,0.7132
1266,58,19,0.4172
1267,58,19,0.5823
1268,58,19,0.7895
1269,58,19,0.9725
1270,58,19,0.9847
1271,58,19,0.9907
1272,58,19,0.9940
1044,50,19,0.7668
1125,51,19,0.3234
1126,51,19,0.6144
1162,52,59,0.6413
1163,52,59,0.6259
1164,52,59,0.4304
1165,52,59,0.8137
1273,58,19,0.3835
1274,58,19,0.3080
1275,58,19,0.3421
1276,58,19,0.6748
1277,58,19,0.3806
1278,58,19,0.9769
1279,58,19,0.9166
1280,58,19,0.9841
1281,58,19,0.0734
1282,58,19,0.9820
1127,51,19,0.5034
1128,51,19,0.9507
1129,51,19,0.9044
1130,51,19,0.9047
1131,51,19,0.9782
1132,51,19,0.0710
1133,51,19,0.7839
1134,51,19,0.8713
1135,51,19,0.8212
1136,51,19,0.9460
1166,52,59,0.4859
1167,52,59,0.9246
1283,58,19,0.3998
1284,58,19,0.6844
1285,58,19,0.8937
1286,58,19,0.3047
1287,58,19,0.8535
1288,58,19,0.9064
1289,58,19,0.0526
1290,58,19,0.5050
1291,58,19,0.5457
1292,58,19,0.8903
1323,63,59,0.0474
1324,63,59,0.9806
1168,52,59,0.5040
1169,52,59,0.1165
1170,52,59,0.9183
1293,58,19,0.4682
1294,58,19,0.5734
1295,58,19,0.4649
1296,58,19,0.8527
1297,58,19,0.7031
1298,58,19,0.7790
1299,58,19,0.3582
1300,58,19,0.3255
1301,58,19,0.5204
1302,58,19,0.8775
1325,63,59,0.5916
1326,63,59,0.3483
1327,63,59,0.2450
1378,67,59,0.9457
1379,67,59,0.9828
1380,67,59,0.7026
1381,67,59,0.9842
1382,67,59,0.0128
1383,67,59,0.9163
1384,67,59,0.0355
1171,52,59,0.8457
1172,52,59,0.9326
1173,52,59,0.6814
1174,52,59,0.8965
1175,52,59,0.0609
1176,52,59,0.9814
1177,52,59,0.9846
1178,52,59,0.9755
1179,52,59,0.9701
1180,52,59,0.5104
1303,58,19,0.5379
1304,58,19,0.5973
1305,58,19,0.4863
1306,58,19,0.9053
1307,58,19,0.9852
1308,58,19,0.9891
1309,58,19,0.9868
1310,58,19,0.9799
1311,58,19,0.9879
1312,58,19,0.9897
1328,63,59,0.7151
1329,63,59,0.9542
1330,63,59,0.9709
1331,63,59,0.5396
1332,63,59,0.9435
1333,63,59,0.9502
1334,63,59,0.9386
1335,63,59,0.0773
1336,63,59,0.9103
1385,67,59,0.4303
1386,67,59,0.1360
1387,67,59,0.8787
1388,67,59,0.7456
1389,67,59,0.9437
1390,67,59,0.6691
1391,67,59,0.9067
1392,67,59,0.9448
1393,67,59,0.9808
1394,67,59,0.8940
1181,52,59,0.8276
1182,52,59,0.8096
1183,52,59,0.7658
1184,52,59,0.6274
1185,52,59,0.5862
1186,52,59,0.6999
1187,52,59,0.3187
1188,52,59,0.2724
1189,52,59,0.5994
1313,58,19,0.8669
1314,58,19,0.9679
1315,58,19,0.1179
1316,58,19,0.6918
1317,58,19,0.9776
1318,58,19,0.9434
1319,58,19,0.7211
1320,58,19,0.9625
1321,58,19,0.0895
1322,58,19,0.9133
1337,63,59,0.8058
1338,63,59,0.8994
1339,63,59,0.8303
1340,63,59,0.9670
1341,63,59,0.9861
1342,63,59,0.2335
1343,63,59,0.9763
1344,63,59,0.9730
1345,63,59,0.0123
1346,63,59,0.0560
1395,67,59,0.5331
1396,67,59,0.8319
1397,67,59,0.9690
1398,67,59,0.0150
1399,67,59,0.8894
1400,67,59,0.3029
1401,67,59,0.9355
1402,67,59,0.4819
1403,67,59,0.9626
1404,67,59,0.7147
1190,52,59,0.6884
1191,52,59,0.4041
1192,52,59,0.2666
1193,52,59,0.7141
1194,52,59,0.9193
1195,52,59,0.9839
1196,52,59,0.8795
1197,52,59,0.9825
1198,52,59,0.9079
1199,52,59,0.9619
1347,63,19,0.6509
1348,63,19,0.8294
1405,67,19,0.9026
1406,67,19,0.9653
1407,67,19,0.6167
1408,67,19,0.7456
1409,67,19,0.9432
1410,67,19,0.6906
1411,67,19,0.0399
1412,67,19,0.1195
1413,67,19,0.8499
1414,67,19,0.1461
1574,69,59,0.9390
1575,69,59,0.9400
1576,69,59,0.1217
1577,69,59,0.9082
1578,69,59,0.3046
1579,69,59,0.5606
1580,69,59,0.6390
1581,69,59,0.9331
1582,69,59,0.9920
1583,69,59,0.0412
1200,52,59,0.2103
1201,52,59,0.8856
1349,63,19,0.8514
1350,63,19,0.1226
1351,63,19,0.3412
1415,67,19,0.6551
1416,67,19,0.9559
1417,67,19,0.7318
1418,67,19,0.9446
1419,67,19,0.8753
1420,67,19,0.4607
1421,67,19,0.9083
1422,67,19,0.6339
1423,67,19,0.0494
1424,67,19,0.5844
1584,69,59,0.6981
1585,69,59,0.9294
1586,69,59,0.5329
1587,69,59,0.7888
1588,69,59,0.9580
1589,69,59,0.6089
1590,69,59,0.9728
1591,69,59,0.9836
1592,69,59,0.3645
1593,69,59,0.5277
1202,52,59,0.8794
1203,52,59,0.8699
1204,52,59,0.8973
1205,52,59,0.6644
1206,52,59,0.6097
1352,63,19,0.8267
1353,63,19,0.7692
1354,63,19,0.9666
1355,63,19,0.2176
1356,63,19,0.6445
1357,63,19,0.9140
1358,63,19,0.9731
1359,63,19,0.8397
1360,63,19,0.5193
1425,67,19,0.6023
1426,67,19,0.7215
1427,67,19,0.5622
1428,67,19,0.7258
1429,67,19,0.7604
1430,67,19,0.1662
1431,67,19,0.1062
1432,67,19,0.2491
1433,67,19,0.4452
1434,67,19,0.6960
1594,69,59,0.9423
1595,69,59,0.9768
1596,69,59,0.9553
1597,69,59,0.6596
1598,69,59,0.3053
1599,69,59,0.9519
1600,69,59,0.7274
1601,69,59,0.4144
1602,69,59,0.9790
1603,69,59,0.9875
1207,52,59,0.4912
1208,52,59,0.8654
1361,63,19,0.7974
1362,63,19,0.4627
1363,63,19,0.6831
1364,63,19,0.4032
1435,67,19,0.4322
1436,67,19,0.1369
1437,67,19,0.6848
1438,67,19,0.3547
1604,69,59,0.8987
1605,69,59,0.6544
1606,69,59,0.5535
1607,69,59,0.2694
1608,69,59,0.8990
1609,69,59,0.8733
1610,69,59,0.9690
1611,69,59,0.9832
1612,69,59,0.9864
1613,69,59,0.3661
1209,52,59,0.6270
1210,52,59,0.9753
1211,52,59,0.1333
1212,52,59,0.8675
1213,52,59,0.9338
1214,52,59,0.4986
1215,52,59,0.9331
1216,52,59,0.3708
1217,52,59,0.0971
1365,63,19,0.7331
1366,63,19,0.8654
1367,63,19,0.2459
1439,67,19,0.3918
1440,67,19,0.5790
1441,67,19,0.3688
1442,67,19,0.8798
1443,67,19,0.8638
1444,67,19,0.6402
1445,67,19,0.7464
1446,67,19,0.6641
1447,67,19,0.8239
1614,69,59,0.7245
1615,69,59,0.8843
1616,69,59,0.9631
1617,69,59,0.9333
1618,69,59,0.9633
1619,69,59,0.9089
1620,69,59,0.9036
1621,69,59,0.6768
1622,69,59,0.8716
1623,69,59,0.9529
1218,52,19,0.9317
1219,52,19,0.0984
1220,52,19,0.1982
1221,52,19,0.6031
1222,52,19,0.4811
1368,63,19,0.6118
1369,63,19,0.8703
1370,63,19,0.9499
1371,63,19,0.9828
1372,63,19,0.5643
1373,63,19,0.9804
1374,63,19,0.0192
1375,63,19,0.8810
1376,63,19,0.2204
1377,63,19,0.8350
1448,67,19,0.6813
1449,67,19,0.3240
1450,67,19,0.7851
1451,67,19,0.8860
1452,67,19,0.6720
1453,67,19,0.8931
1454,67,19,0.9659
1455,67,19,0.8050
1456,67,19,0.6050
1457,67,19,0.4123
1624,69,59,0.8849
1625,69,59,0.4666
1626,69,59,0.0271
1627,69,59,0.5538
1628,69,59,0.6637
1629,69,59,0.7273
1630,69,59,0.3892
1631,69,59,0.9671
1632,69,59,0.7082
1633,69,59,0.3321
1223,52,19,0.4903
1224,52,19,0.3296
1225,52,19,0.7725
1226,52,19,0.9567
1227,52,19,0.8825
1228,52,19,0.9794
1229,52,19,0.9453
1230,52,19,0.9901
1231,52,19,0.9889
1232,52,19,0.9916
1458,67,19,0.8914
1459,67,19,0.9151
1460,67,19,0.9476
1461,67,19,0.6004
1462,67,19,0.1639
1463,67,19,0.7275
1464,67,19,0.6260
1465,67,19,0.5919
1466,67,19,0.9064
1467,67,19,0.0512
1634,69,59,0.9847
1635,69,59,0.5889
1636,69,59,0.9867
1637,69,59,0.9915
1638,69,59,0.9811
1639,69,59,0.9903
1640,69,59,0.9901
1641,69,59,0.0222
1642,69,59,0.9842
1703,72,59,0.9360
1704,72,59,0.2037
1705,72,59,0.9765
1706,72,59,0.0506
1707,72,59,0.4874
1708,72,59,0.6277
1709,72,59,0.7200
1710,72,59,0.6912
1711,72,59,0.7469
1712,72,59,0.9321
1233,52,19,0.1844
1234,52,19,0.9791
1235,52,19,0.1113
1236,52,19,0.4667
1237,52,19,0.5911
1238,52,19,0.4278
1239,52,19,0.6957
1240,52,19,0.9515
1241,52,19,0.4162
1242,52,19,0.9826
1468,67,19,0.3256
1469,67,19,0.6676
1470,67,19,0.6990
1471,67,19,0.7142
1643,69,19,0.7434
1644,69,19,0.4177
1645,69,19,0.9763
1646,69,19,0.2071
1647,69,19,0.6750
1648,69,19,0.2470
1649,69,19,0.5154
1650,69,19,0.7383
1651,69,19,0.0454
1652,69,19,0.0297
1713,72,59,0.0800
1714,72,59,0.8325
1472,67,19,0.8869
1473,67,19,0.8327
1474,67,19,0.7638
1653,69,19,0.8720
1654,69,19,0.4869
1655,69,19,0.9512
1656,69,19,0.8564
1657,69,19,0.3833
1658,69,19,0.1802
1659,69,19,0.3639
1660,69,19,0.9589
1661,69,19,0.9843
1662,69,19,0.9873
1715,72,59,0.6375
1716,72,59,0.9125
1717,72,59,0.9354
1718,72,59,0.0603
1757,75,59,0.9279
1758,75,59,0.7253
1759,75,59,0.8841
1760,75,59,0.3191
1761,75,59,0.6324
1762,75,59,0.7999
1763,75,59,0.3576
1764,75,59,0.9634
1765,75,59,0.2332
1766,75,59,0.5716
1475,67,19,0.6070
1476,67,19,0.9579
1477,67,19,0.9115
1478,67,19,0.0306
1479,67,19,0.6052
1480,67,19,0.3187
1481,67,19,0.6725
1663,69,19,0.3548
1664,69,19,0.2937
1665,69,19,0.9329
1666,69,19,0.4068
1667,69,19,0.9764
1668,69,19,0.1294
1669,69,19,0.4711
1670,69,19,0.9231
1671,69,19,0.9512
1672,69,19,0.9750
1719,72,59,0.7323
1720,72,59,0.7445
1721,72,59,0.9511
1722,72,59,0.8817
1723,72,59,0.7558
1724,72,59,0.9237
1725,72,59,0.9573
1726,72,59,0.9863
1727,72,59,0.9763
1728,72,59,0.0151
1767,75,59,0.3133
1768,75,59,0.7949
1769,75,59,0.3420
1770,75,59,0.9516
1771,75,59,0.7772
1772,75,59,0.7962
1773,75,59,0.2300
1774,75,59,0.3246
1775,75,59,0.3129
1776,75,59,0.7641
1482,67,19,0.8518
1483,67,19,0.3686
1484,67,19,0.9809
1485,67,19,0.7740
1486,67,19,0.8764
1673,69,19,0.8018
1674,69,19,0.9203
1675,69,19,0.9814
1676,69,19,0.9856
1677,69,19,0.2968
1678,69,19,0.8232
1679,69,19,0.8756
1680,69,19,0.9799
1681,69,19,0.2623
1682,69,19,0.9834
1729,72,19,0.7761
1730,72,19,0.3029
1731,72,19,0.4327
1732,72,19,0.5301
1733,72,19,0.3863
1777,75,59,0.4070
1778,75,59,0.8645
1779,75,59,0.1266
1780,75,59,0.0985
1781,75,59,0.2159
1782,75,59,0.8693
1783,75,59,0.9327
1784,75,59,0.9655
1785,75,59,0.9670
1786,75,59,0.9815
1487,67,19,0.0943
1488,67,19,0.6131
1683,69,19,0.9020
1684,69,19,0.8837
1685,69,19,0.7655
1686,69,19,0.9017
1687,69,19,0.9618
1688,69,19,0.9563
1689,69,19,0.9868
1690,69,19,0.9535
1691,69,19,0.9074
1692,69,19,0.9643
1734,72,19,0.1119
1735,72,19,0.5806
1736,72,19,0.3007
1737,72,19,0.7548
1738,72,19,0.3804
1739,72,19,0.0303
1740,72,19,0.3290
1787,75,59,0.8609
1788,75,59,0.4570
1789,75,59,0.1589
1790,75,59,0.7429
1791,75,59,0.9206
1792,75,59,0.3572
1793,75,59,0.0194
1794,75,59,0.8952
1795,75,59,0.9675
1796,75,59,0.6560
1489,67,19,0.6769
1490,67,19,0.5032
1491,67,19,0.8293
1492,67,19,0.9685
1493,67,19,0.8883
1494,67,19,0.1690
1495,67,19,0.6221
1496,67,19,0.1388
1497,67,19,0.3854
1498,67,19,0.6518
1693,69,19,0.6077
1694,69,19,0.7787
1695,69,19,0.9757
1696,69,19,0.7874
1697,69,19,0.5900
1698,69,19,0.9450
1699,69,19,0.7482
1700,69,19,0.9312
1701,69,19,0.9709
1702,69,19,0.0227
1741,72,19,0.3238
1742,72,19,0.1526
1743,72,19,0.2244
1744,72,19,0.4694
1797,75,59,0.9093
1798,75,59,0.5303
1799,75,59,0.0239
1800,75,59,0.6265
1801,75,59,0.9640
1802,75,59,0.6274
1803,75,59,0.9837
1804,75,59,0.9505
1805,75,59,0.4556
1806,75,59,0.2018
1499,67,19,0.5405
1500,67,19,0.3420
1745,72,19,0.6694
1746,72,19,0.1293
1747,72,19,0.5403
1807,75,19,0.9611
1808,75,19,0.9820
1809,75,19,0.4136
1810,75,19,0.7592
1811,75,19,0.2929
1812,75,19,0.5425
1813,75,19,0.2601
1814,75,19,0.7023
1815,75,19,0.8053
1816,75,19,0.0642
1991,80,59,0.9604
1992,80,59,0.9788
1993,80,59,0.4234
1994,80,59,0.9771
1995,80,59,0.7472
1996,80,59,0.5153
1997,80,59,0.9604
1998,80,59,0.9457
1999,80,59,0.9777
2000,80,59,0.9232
1501,67,19,0.5683
1502,67,19,0.8597
1503,67,19,0.9180
1504,67,19,0.9284
1505,67,19,0.8114
1506,67,19,0.8422
1507,67,19,0.4225
1508,67,19,0.2582
1509,67,19,0.5224
1510,67,19,0.1598
1748,72,19,0.6766
1749,72,19,0.9753
1750,72,19,0.9655
1751,72,19,0.9671
1752,72,19,0.9279
1753,72,19,0.4186
1754,72,19,0.8543
1755,72,19,0.9633
1756,72,19,0.7398
1817,75,19,0.8268
1818,75,19,0.9309
1819,75,19,0.3801
1820,75,19,0.9738
1821,75,19,0.9707
1822,75,19,0.9775
1823,75,19,0.9606
1824,75,19,0.3108
1825,75,19,0.4448
1826,75,19,0.2464
2001,80,59,0.9351
2002,80,59,0.6392
2003,80,59,0.9809
2004,80,59,0.6882
2005,80,59,0.1246
2006,80,59,0.9393
2007,80,59,0.6829
2008,80,59,0.4027
2009,80,59,0.7483
1511,67,19,0.6317
1512,67,19,0.3919
1513,67,19,0.5956
1514,67,19,0.2852
1827,75,19,0.4191
1828,75,19,0.6832
1829,75,19,0.0561
1830,75,19,0.6164
1831,75,19,0.8908
1832,75,19,0.8995
1833,75,19,0.8560
1834,75,19,0.1128
1835,75,19,0.3858
1836,75,19,0.4149
2010,80,19,0.9498
2011,80,19,0.9641
2012,80,19,0.6763
2013,80,19,0.5752
2014,80,19,0.9435
2015,80,19,0.9828
2016,80,19,0.5597
2017,80,19,0.6359
2027,88,59,0.7094
2028,88,59,0.8998
2029,88,59,0.9845
2030,88,59,0.8125
2031,88,59,0.9869
2032,88,59,0.9434
2033,88,59,0.9083
2034,88,59,0.8910
2035,88,59,0.6113
1515,67,19,0.8658
1516,67,19,0.9536
1517,67,19,0.8727
1518,67,19,0.9791
1519,67,19,0.7146
1520,67,19,0.7531
1521,67,19,0.7290
1522,67,19,0.0233
1523,67,19,0.4669
1524,67,19,0.9727
1837,75,19,0.6554
1838,75,19,0.0372
1839,75,19,0.0657
1840,75,19,0.0890
1841,75,19,0.2341
1842,75,19,0.7410
1843,75,19,0.9325
1844,75,19,0.1499
1845,75,19,0.6356
1846,75,19,0.6332
2018,80,19,0.8367
2019,80,19,0.8853
2020,80,19,0.8182
2021,80,19,0.9779
2022,80,19,0.2617
2023,80,19,0.9731
2024,80,19,0.6105
2025,80,19,0.9523
2026,80,19,0.7056
2036,88,19,0.6627
2037,88,19,0.6149
2038,88,19,0.7790
2039,88,19,0.5478
2040,88,19,0.8644
2041,88,19,0.4593
2042,88,19,0.9644
1525,67,19,0.9853
1526,67,19,0.2928
1527,67,19,0.4768
1528,67,19,0.4552
1529,67,19,0.5997
1530,67,19,0.7772
1847,75,19,0.1035
1848,75,19,0.7984
1849,75,19,0.6973
1850,75,19,0.9052
1851,75,19,0.0606
1852,75,19,0.5577
1853,75,19,0.8982
1854,75,19,0.7027
1855,75,19,0.9757
1856,75,19,0.0264
2043,88,19,0.7831
2044,88,19,0.9626
2045,88,19,0.9766
2046,88,19,0.8903
2047,88,19,0.9501
2048,88,19,0.7356
2049,88,19,0.9816
2050,88,19,0.9841
2051,88,19,0.9054
2052,88,19,0.8615
2053,95,59,0.3218
2054,95,59,0.8747
2055,95,59,0.3523
2056,95,59,0.6611
2057,95,59,0.8938
2058,95,59,0.2920
2059,95,59,0.8578
2060,95,59,0.7045
2061,95,59,0.5975
2062,95,59,0.2151
1531,67,19,0.1682
1532,67,19,0.7856
1857,75,19,0.1897
1858,75,19,0.3225
1859,75,19,0.6355
1860,75,19,0.1187
1861,75,19,0.5595
1862,75,19,0.8947
1863,75,19,0.9855
1864,75,19,0.9862
1865,75,19,0.9877
1866,75,19,0.9923
2063,95,59,0.0303
2064,95,59,0.1094
2065,95,59,0.7305
2066,95,59,0.9296
2067,95,59,0.9839
2068,95,59,0.9900
2069,95,59,0.9942
2070,95,59,0.9938
2071,95,59,0.9923
2072,95,59,0.9919
2191,102,59,0.2374
2192,102,59,0.8126
2193,102,59,0.6864
2194,102,59,0.8359
2195,102,59,0.9691
2196,102,59,0.9839
2197,102,59,0.1323
2198,102,59,0.9188
2199,102,59,0.8918
2200,102,59,0.9825
1533,67,19,0.4739
1534,67,19,0.8447
1535,67,19,0.6044
1536,67,19,0.3799
1537,67,19,0.6636
1538,67,19,0.5834
1539,67,19,0.9641
1540,67,19,0.9822
1541,67,19,0.9862
1542,67,19,0.9578
1867,75,19,0.9036
1868,75,19,0.5818
1869,75,19,0.1129
1870,75,19,0.3934
2073,95,59,0.9283
2074,95,59,0.8872
2075,95,59,0.9881
2076,95,59,0.7428
2077,95,59,0.6163
2078,95,59,0.4288
2079,95,59,0.9208
2080,95,59,0.2623
2081,95,59,0.2044
2082,95,59,0.7012
2201,102,59,0.7514
2202,102,59,0.3012
2203,102,59,0.5461
2204,102,59,0.5013
2205,102,59,0.6921
2206,102,59,0.9590
2207,102,59,0.6265
2208,102,59,0.7923
2209,102,59,0.5614
2210,102,59,0.1868
1543,67,19,0.6615
1544,67,19,0.6105
1545,67,19,0.9716
1546,67,19,0.0196
1547,67,19,0.7167
1548,67,19,0.9423
1549,67,19,0.9736
1550,67,19,0.9455
1551,67,19,0.9664
1552,67,19,0.8050
1871,75,19,0.7387
1872,75,19,0.8563
1873,75,19,0.5577
1874,75,19,0.7044
1875,75,19,0.8827
1876,75,19,0.3363
1877,75,19,0.9491
1878,75,19,0.6773
1879,75,19,0.8015
1880,75,19,0.8582
2083,95,59,0.5065
2084,95,59,0.6420
2085,95,59,0.5692
2086,95,59,0.5902
2087,95,59,0.6324
2088,95,59,0.4274
2089,95,59,0.8618
2090,95,59,0.9538
2091,95,59,0.6961
2092,95,59,0.9392
2211,102,59,0.9709
2212,102,59,0.9691
2213,102,59,0.4834
2214,102,59,0.9138
2215,102,59,0.0395
2216,102,59,0.3672
2217,102,59,0.7264
1553,67,19,0.0708
1554,67,19,0.7350
1881,75,19,0.8035
1882,75,19,0.7661
1883,75,19,0.7181
1884,75,19,0.1292
1885,75,19,0.0615
1886,75,19,0.8439
1887,75,19,0.1075
1888,75,19,0.5770
1889,75,19,0.1740
1890,75,19,0.6366
2093,95,59,0.9065
2094,95,59,0.3569
2095,95,59,0.8392
2096,95,59,0.9547
2097,95,59,0.9075
2098,95,59,0.7127
2099,95,59,0.6295
2100,95,59,0.7206
2101,95,59,0.5656
2102,95,59,0.8642
2218,102,59,0.6289
2219,102,59,0.9629
2220,102,59,0.9732
2221,102,59,0.1426
2222,102,59,0.7063
2223,102,59,0.9676
2224,102,59,0.8665
2225,102,59,0.9728
2226,102,59,0.5349
2227,102,59,0.9832
1555,67,19,0.8517
1556,67,19,0.5318
1557,67,19,0.6718
1558,67,19,0.6894
1559,67,19,0.4170
1891,75,19,0.5740
1892,75,19,0.6373
1893,75,19,0.5590
1894,75,19,0.1185
1895,75,19,0.9234
1896,75,19,0.9004
1897,75,19,0.9784
1898,75,19,0.9895
1899,75,19,0.9917
1900,75,19,0.9900
2103,95,59,0.9013
2104,95,59,0.9558
2105,95,59,0.9849
2106,95,59,0.8039
2107,95,59,0.8195
2108,95,59,0.7411
2109,95,59,0.6632
2110,95,59,0.2746
2111,95,59,0.5070
2112,95,59,0.0634
2228,102,19,0.7283
2229,102,19,0.9485
2230,102,19,0.1855
2231,102,19,0.6524
2232,102,19,0.4908
2233,102,19,0.9761
2234,102,19,0.3603
2235,102,19,0.8767
2236,102,19,0.0960
2237,102,19,0.5879
1560,67,19,0.7010
1561,67,19,0.8637
1562,67,19,0.6326
1563,67,19,0.9040
1901,75,19,0.1092
1902,75,19,0.3478
1903,75,19,0.9496
2113,95,59,0.7358
2114,95,59,0.9338
2115,95,59,0.0891
2116,95,59,0.0316
2117,95,59,0.6030
2118,95,59,0.4491
2119,95,59,0.6535
2120,95,59,0.7539
2121,95,59,0.0926
2122,95,59,0.6774
2238,102,19,0.8235
2239,102,19,0.9795
2240,102,19,0.9473
2241,102,19,0.9693
2242,102,19,0.9760
2243,102,19,0.9802
2244,102,19,0.9422
2245,102,19,0.9721
2246,102,19,0.8036
2247,102,19,0.9427
1564,67,19,0.5384
1565,67,19,0.8827
1566,67,19,0.4557
1567,67,19,0.9728
1568,67,19,0.9005
1569,67,19,0.9744
1570,67,19,0.9693
1571,67,19,0.3950
1572,67,19,0.3545
1573,67,19,0.9399
1904,75,19,0.6487
1905,75,19,0.9572
1906,75,19,0.9308
1907,75,19,0.8365
1908,75,19,0.9740
1909,75,19,0.1622
1910,75,19,0.1187
1911,75,19,0.1489
2123,95,59,0.8905
2124,95,59,0.9703
2125,95,59,0.4437
2126,95,59,0.1417
2127,95,59,0.8313
2128,95,59,0.6859
2129,95,59,0.7509
2130,95,59,0.7261
2131,95,59,0.4729
2132,95,59,0.3039
2248,102,19,0.8277
2249,102,19,0.9715
2250,102,19,0.9822
2251,102,19,0.2515
2252,102,19,0.6589
2253,102,19,0.6642
2254,102,19,0.6540
2255,102,19,0.6234
2256,102,19,0.9806
2257,102,19,0.9917
1912,75,19,0.2257
1913,75,19,0.1161
1914,75,19,0.6629
2133,95,59,0.0719
2134,95,59,0.4123
2135,95,59,0.6459
2136,95,59,0.6070
2137,95,59,0.6722
2138,95,59,0.0409
2139,95,59,0.3570
2140,95,59,0.1546
2141,95,59,0.7917
2142,95,59,0.2119
2258,102,19,0.8827
2259,102,19,0.9758
2260,102,19,0.9772
2261,102,19,0.1991
2262,102,19,0.6322
2297,103,59,0.7351
2298,103,59,0.8654
2299,103,59,0.9067
2300,103,59,0.3278
2301,103,59,0.7330
2302,103,59,0.3376
2303,103,59,0.5259
2304,103,59,0.3525
2305,103,59,0.6364
2306,103,59,0.9629
1915,75,19,0.3939
1916,75,19,0.0574
1917,75,19,0.8019
1918,75,19,0.7879
1919,75,19,0.7737
1920,75,19,0.3594
1921,75,19,0.6665
2143,95,59,0.5506
2144,95,59,0.5671
2145,95,59,0.6536
2146,95,59,0.9632
2147,95,59,0.9829
2148,95,59,0.9838
2149,95,59,0.9759
2150,95,59,0.0186
2151,95,59,0.2723
2152,95,59,0.8316
2263,102,19,0.8345
2264,102,19,0.9767
2265,102,19,0.9001
2307,103,59,0.9326
2308,103,59,0.9627
2309,103,59,0.8918
2310,103,59,0.9579
2311,103,59,0.9277
2312,103,59,0.8797
2313,103,59,0.9721
2314,103,59,0.9570
2315,103,59,0.9824
2316,103,59,0.9039
1922,75,19,0.4317
1923,75,19,0.7582
2153,95,59,0.8242
2154,95,59,0.9528
2155,95,59,0.9721
2156,95,59,0.4862
2157,95,59,0.9463
2158,95,59,0.2450
2159,95,59,0.4424
2160,95,59,0.7525
2161,95,59,0.3448
2162,95,59,0.5032
2266,102,19,0.7174
2267,102,19,0.6001
2268,102,19,0.2920
2269,102,19,0.1410
2270,102,19,0.4009
2271,102,19,0.6137
2272,102,19,0.7142
2273,102,19,0.8572
2274,102,19,0.9447
2275,102,19,0.9330
2317,103,59,0.9150
2318,103,59,0.4783
2319,103,59,0.5296
2320,103,59,0.9691
2321,103,59,0.4961
2322,103,59,0.9202
2323,103,59,0.9685
2324,103,59,0.8357
2325,103,59,0.6753
2326,103,59,0.7837
1924,75,19,0.8217
1925,75,19,0.3715
1926,75,19,0.6996
1927,75,19,0.4420
1928,75,19,0.6249
2163,95,59,0.9128
2164,95,59,0.4915
2165,95,59,0.0916
2166,95,59,0.7350
2167,95,59,0.9371
2168,95,59,0.3059
2169,95,59,0.4665
2170,95,59,0.8973
2171,95,59,0.9490
2172,95,59,0.9466
2276,102,19,0.5280
2277,102,19,0.6475
2327,103,19,0.5995
2328,103,19,0.8188
2329,103,19,0.9524
2330,103,19,0.9596
2331,103,19,0.8936
2332,103,19,0.0753
2333,103,19,0.6236
2334,103,19,0.8764
2335,103,19,0.9848
2336,103,19,0.9855
1929,75,19,0.8623
1930,75,19,0.7062
1931,75,19,0.3712
1932,75,19,0.5095
1933,75,19,0.7190
1934,75,19,0.2835
1935,75,19,0.3613
2173,95,59,0.8104
2174,95,59,0.9683
2175,95,59,0.0332
2176,95,59,0.5062
2177,95,59,0.9718
2178,95,59,0.9807
2179,95,59,0.9708
2180,95,59,0.9808
2181,95,59,0.7511
2278,102,19,0.8417
2279,102,19,0.9812
2280,102,19,0.8961
2281,102,19,0.9791
2282,102,19,0.9345
2283,102,19,0.9745
2284,102,19,0.3513
2285,102,19,0.9862
2286,102,19,0.9206
2337,103,19,0.9025
2338,103,19,0.9124
2339,103,19,0.9650
2340,103,19,0.8652
2341,103,19,0.9725
2342,103,19,0.3201
2343,103,19,0.6663
2344,103,19,0.9533
2345,103,19,0.9813
1936,75,19,0.2067
1937,75,19,0.7096
1938,75,19,0.7719
2182,95,19,0.6879
2183,95,19,0.8165
2184,95,19,0.9790
2185,95,19,0.9871
2186,95,19,0.9833
2187,95,19,0.8960
2188,95,19,0.7320
2189,95,19,0.9775
2190,95,19,0.9773
2287,102,19,0.4013
2288,102,19,0.4079
2289,102,19,0.9498
2290,102,19,0.9855
2291,102,19,0.9888
2292,102,19,0.9909
2293,102,19,0.9930
2294,102,19,0.9919
2295,102,19,0.9929
2296,102,19,0.9936
2346,104,59,0.8407
2347,104,59,0.6492
2348,104,59,0.7874
2349,104,59,0.8112
2350,104,59,0.9827
2351,104,59,0.9912
2352,104,59,0.9925
2353,104,59,0.9915
2354,104,59,0.9916
2355,104,59,0.9922
1939,75,19,0.0393
1940,75,19,0.4142
1941,75,19,0.3967
2356,104,59,0.6979
2357,104,59,0.1160
2358,104,59,0.4672
2359,104,59,0.2203
2360,104,59,0.8607
2361,104,59,0.8640
2362,104,59,0.9057
2363,104,59,0.9684
2364,104,59,0.9817
2365,104,59,0.9826
2415,107,59,0.6186
2416,107,59,0.6792
2417,107,59,0.9787
2418,107,59,0.9886
2419,107,59,0.9636
2420,107,59,0.8123
2421,107,59,0.0536
2422,107,59,0.6419
2423,107,59,0.9746
2424,107,59,0.9850
2435,116,59,0.7930
2436,116,59,0.5923
2437,116,59,0.6506
2438,116,59,0.8739
2439,116,59,0.5594
2440,116,59,0.6569
2441,116,59,0.9751
2442,116,59,0.9824
2443,116,59,0.9635
1942,75,19,0.8277
1943,75,19,0.9446
1944,75,19,0.7274
1945,75,19,0.9686
1946,75,19,0.9053
1947,75,19,0.5420
1948,75,19,0.6920
1949,75,19,0.8682
1950,75,19,0.8411
1951,75,19,0.1928
2366,104,59,0.8119
2367,104,59,0.7310
2368,104,59,0.3171
2369,104,59,0.8626
2370,104,59,0.8295
2371,104,59,0.0757
2372,104,59,0.8880
2373,104,59,0.7665
2374,104,59,0.9757
2375,104,59,0.9899
2425,107,19,0.9228
2426,107,19,0.7746
2427,107,19,0.9754
2428,107,19,0.2621
2429,107,19,0.7550
2430,107,19,0.9563
2431,107,19,0.9330
2432,107,19,0.9736
2433,107,19,0.9799
2434,107,19,0.9666
2444,116,19,0.6917
2445,116,19,0.9659
2446,116,19,0.7339
2447,116,19,0.9199
2448,116,19,0.9627
2449,116,19,0.9565
2450,116,19,0.5445
2451,116,19,0.1206
1952,75,19,0.8760
1953,75,19,0.9267
1954,75,19,0.5022
1955,75,19,0.9614
1956,75,19,0.1331
1957,75,19,0.6032
1958,75,19,0.0852
1959,75,19,0.1602
1960,75,19,0.3318
1961,75,19,0.3327
2376,104,59,0.6251
2377,104,59,0.7069
2378,104,59,0.9753
2379,104,59,0.9106
2380,104,59,0.9493
2381,104,59,0.4065
2382,104,59,0.9049
2383,104,59,0.9760
2384,104,59,0.8440
2452,116,19,0.8369
2453,116,19,0.8923
2454,116,19,0.9696
2455,116,19,0.8875
2456,116,19,0.9800
2457,116,19,0.2285
2458,116,19,0.9089
2459,116,19,0.1494
2460,116,19,0.8056
2531,121,59,0.3542
2532,121,59,0.8118
1962,75,19,0.3329
1963,75,19,0.6545
1964,75,19,0.7026
1965,75,19,0.9458
2385,104,19,0.8306
2386,104,19,0.9702
2387,104,19,0.7646
2388,104,19,0.7186
2389,104,19,0.9393
2390,104,19,0.3855
2391,104,19,0.7840
2392,104,19,0.9380
2393,104,19,0.8190
2394,104,19,0.3992
2461,116,19,0.7553
2462,116,19,0.3697
2463,116,19,0.4634
2464,116,19,0.2662
2533,121,59,0.8934
2534,121,59,0.4957
2535,121,59,0.2958
2536,121,59,0.6803
2537,121,59,0.3225
2538,121,59,0.7745
2539,121,59,0.9683
2540,121,59,0.4523
2541,121,59,0.9699
2542,121,59,0.9591
1966,75,19,0.8565
1967,75,19,0.9072
1968,75,19,0.5285
1969,75,19,0.7878
1970,75,19,0.6546
2395,104,19,0.3553
2396,104,19,0.6016
2397,104,19,0.8394
2398,104,19,0.9685
2399,104,19,0.9898
2400,104,19,0.9895
2401,104,19,0.9881
2402,104,19,0.9914
2403,104,19,0.9916
2404,104,19,0.9916
2465,116,19,0.6889
2466,116,19,0.8401
2467,116,19,0.9566
2468,116,19,0.6407
2469,116,19,0.6313
2470,116,19,0.9672
2471,116,19,0.8579
2472,116,19,0.9802
2473,116,19,0.5768
2474,116,19,0.3402
2543,121,59,0.9853
2544,121,59,0.7782
2545,121,59,0.7114
2546,121,59,0.9802
2547,121,59,0.3587
2548,121,59,0.0956
2549,121,59,0.8485
2550,121,59,0.6550
2551,121,59,0.9087
2552,121,59,0.9769
1971,75,19,0.5700
1972,75,19,0.6246
1973,75,19,0.8271
2405,104,19,0.9182
2406,104,19,0.9832
2407,104,19,0.9061
2408,104,19,0.9746
2409,104,19,0.9894
2410,104,19,0.9557
2411,104,19,0.7752
2412,104,19,0.9881
2413,104,19,0.8052
2414,104,19,0.9831
2475,116,19,0.2618
2476,116,19,0.6419
2477,116,19,0.3180
2553,121,59,0.9303
2554,121,59,0.6523
2555,121,59,0.3457
2556,121,59,0.0675
2557,121,59,0.1001
2558,121,59,0.2707
2559,121,59,0.0742
1974,75,19,0.4065
1975,75,19,0.4788
1976,75,19,0.6164
2478,116,19,0.7131
2479,116,19,0.8381
2480,116,19,0.9773
2481,116,19,0.8866
2482,116,19,0.7643
2483,116,19,0.5759
2560,121,59,0.6501
2561,121,59,0.9550
2562,121,59,0.0160
2563,121,59,0.7264
2564,121,59,0.7449
2565,121,59,0.9616
2566,121,59,0.6388
2567,121,59,0.9405
2568,121,59,0.9547
2569,121,59,0.9783
2766,124,59,0.9552
2767,124,59,0.7560
2768,124,59,0.2281
2769,124,59,0.8672
2770,124,59,0.8806
2771,124,59,0.9858
2772,124,59,0.7714
2773,124,59,0.9278
2774,124,59,0.2762
2775,124,59,0.8945
1977,75,19,0.4318
1978,75,19,0.2674
1979,75,19,0.1172
1980,75,19,0.7612
2484,116,19,0.7008
2485,116,19,0.9678
2486,116,19,0.6637
2487,116,19,0.8551
2488,116,19,0.3707
2489,116,19,0.2472
2570,121,19,0.6236
2571,121,19,0.1380
2572,121,19,0.7248
2573,121,19,0.8167
2574,121,19,0.1848
2575,121,19,0.8939
2576,121,19,0.3669
2577,121,19,0.7807
2578,121,19,0.9100
2579,121,19,0.7181
2776,124,59,0.9205
2777,124,59,0.9345
2778,124,59,0.8986
2779,124,59,0.9669
2780,124,59,0.9547
2781,124,59,0.5885
2782,124,59,0.9740
2783,124,59,0.9280
2784,124,59,0.8860
2785,124,59,0.6336
1981,75,19,0.8194
1982,75,19,0.5383
1983,75,19,0.4863
1984,75,19,0.2482
1985,75,19,0.0871
1986,75,19,0.5851
1987,75,19,0.9698
1988,75,19,0.7176
1989,75,19,0.9628
1990,75,19,0.8954
2490,116,19,0.8988
2491,116,19,0.9532
2492,116,19,0.3253
2493,116,19,0.7456
2494,116,19,0.0369
2495,116,19,0.5553
2580,121,19,0.3436
2581,121,19,0.4635
2786,124,59,0.4684
2787,124,59,0.6588
2788,124,59,0.8864
2789,124,59,0.9520
2790,124,59,0.9441
2791,124,59,0.7077
2792,124,59,0.8173
2793,124,59,0.9578
2794,124,59,0.7500
2795,124,59,0.2495
2496,116,19,0.6243
2497,116,19,0.4208
2582,121,19,0.2825
2583,121,19,0.3651
2584,121,19,0.9128
2585,121,19,0.9723
2586,121,19,0.8945
2587,121,19,0.9833
2588,121,19,0.6354
2589,121,19,0.7119
2590,121,19,0.9745
2591,121,19,0.9785
2796,124,59,0.9642
2797,124,59,0.8051
2798,124,59,0.9482
2799,124,59,0.4861
2800,124,59,0.4093
2801,124,59,0.6148
2802,124,59,0.6843
2803,124,59,0.9814
2804,124,59,0.6875
2805,124,59,0.8291
2859,132,59,0.7301
2860,132,59,0.9758
2861,132,59,0.9860
2862,132,59,0.7902
2863,132,59,0.8756
2864,132,59,0.9688
2865,132,59,0.6507
2866,132,59,0.8017
2867,132,59,0.7697
2868,132,59,0.5568
2498,116,19,0.5799
2499,116,19,0.8812
2592,121,19,0.7962
2593,121,19,0.9869
2594,121,19,0.6885
2595,121,19,0.9829
2596,121,19,0.3755
2597,121,19,0.9632
2598,121,19,0.8903
2599,121,19,0.1493
2600,121,19,0.7238
2601,121,19,0.3064
2806,124,59,0.6709
2807,124,59,0.4493
2808,124,59,0.9072
2809,124,59,0.7090
2810,124,59,0.9119
2811,124,59,0.7807
2812,124,59,0.9724
2813,124,59,0.5032
2814,124,59,0.4130
2869,132,59,0.9295
2870,132,59,0.6549
2871,132,59,0.9312
2500,116,19,0.4938
2501,116,19,0.6148
2602,121,19,0.8612
2603,121,19,0.9724
2604,121,19,0.6980
2605,121,19,0.7968
2815,124,19,0.3857
2816,124,19,0.2669
2817,124,19,0.6747
2818,124,19,0.9193
2819,124,19,0.6246
2820,124,19,0.5230
2821,124,19,0.7539
2822,124,19,0.7931
2823,124,19,0.9643
2824,124,19,0.8801
2872,132,59,0.1081
2873,132,59,0.8848
2502,116,19,0.8362
2503,116,19,0.6478
2504,116,19,0.7302
2505,116,19,0.2352
2506,116,19,0.1320
2507,116,19,0.9292
2508,116,19,0.4482
2509,116,19,0.5042
2510,116,19,0.8160
2511,116,19,0.9690
2606,121,19,0.1138
2607,121,19,0.3744
2825,124,19,0.6335
2826,124,19,0.6585
2827,124,19,0.5026
2828,124,19,0.6392
2829,124,19,0.3563
2874,132,59,0.8195
2875,132,59,0.9089
2876,132,59,0.9114
2512,116,19,0.5287
2513,116,19,0.5650
2514,116,19,0.6851
2608,121,19,0.8600
2609,121,19,0.4395
2830,124,19,0.3504
2831,124,19,0.4835
2832,124,19,0.5863
2833,124,19,0.6283
2834,124,19,0.3646
2835,124,19,0.6631
2836,124,19,0.0377
2837,124,19,0.7861
2877,132,59,0.8624
2878,132,59,0.9611
2879,132,59,0.9222
2515,116,19,0.7991
2516,116,19,0.9725
2517,116,19,0.2687
2518,116,19,0.5909
2519,116,19,0.3459
2520,116,19,0.2814
2610,121,19,0.6333
2611,121,19,0.8788
2612,121,19,0.9691
2613,121,19,0.5394
2614,121,19,0.9518
2615,121,19,0.8598
2616,121,19,0.6599
2617,121,19,0.4758
2618,121,19,0.0380
2619,121,19,0.6323
2838,124,19,0.8833
2839,124,19,0.9045
2840,124,19,0.7424
2841,124,19,0.7314
2842,124,19,0.6524
2880,132,59,0.6770
2881,132,59,0.8872
2882,132,59,0.2763
2883,132,59,0.9591
2884,132,59,0.7706
2885,132,59,0.3606
2886,132,59,0.6515
2887,132,59,0.4263
2888,132,59,0.9330
2889,132,59,0.9758
2521,116,19,0.6400
2522,116,19,0.7221
2523,116,19,0.6343
2524,116,19,0.9435
2525,116,19,0.1614
2526,116,19,0.7982
2527,116,19,0.9355
2528,116,19,0.9789
2529,116,19,0.9706
2530,116,19,0.9807
2620,121,19,0.8213
2621,121,19,0.9673
2622,121,19,0.1247
2623,121,19,0.8719
2624,121,19,0.9539
2625,121,19,0.6126
2626,121,19,0.9084
2627,121,19,0.9702
2628,121,19,0.8645
2629,121,19,0.8148
2843,124,19,0.8678
2844,124,19,0.4682
2845,124,19,0.3488
2846,124,19,0.3665
2890,132,19,0.7468
2891,132,19,0.9710
2892,132,19,0.8881
2893,132,19,0.9747
2894,132,19,0.1004
2895,132,19,0.8287
2896,132,19,0.6782
2897,132,19,0.6843
2898,132,19,0.6339
2899,132,19,0.8801
2630,121,19,0.3060
2631,121,19,0.9323
2847,124,19,0.9222
2848,124,19,0.8933
2900,132,19,0.9806
2901,132,19,0.2988
2902,132,19,0.9832
2903,132,19,0.9267
2904,132,19,0.9772
2905,132,19,0.9847
2906,132,19,0.9707
2907,132,19,0.9430
2908,132,19,0.9858
3021,148,59,0.9068
3022,148,59,0.9809
3023,148,59,0.9325
3024,148,59,0.8533
3025,148,59,0.8996
3026,148,59,0.3644
3027,148,59,0.8992
3028,148,59,0.8934
3029,148,59,0.7961
3030,148,59,0.8399
2632,121,19,0.4094
2633,121,19,0.9280
2634,121,19,0.6022
2635,121,19,0.9822
2636,121,19,0.9247
2637,121,19,0.5940
2638,121,19,0.4554
2639,121,19,0.9717
2640,121,19,0.9157
2641,121,19,0.2237
2849,124,19,0.8621
2850,124,19,0.6790
2851,124,19,0.9676
2852,124,19,0.9692
2853,124,19,0.9393
2854,124,19,0.9550
2855,124,19,0.9750
2856,124,19,0.5025
2857,124,19,0.6988
2858,124,19,0.0869
2909,132,19,0.9279
2910,132,19,0.7432
2911,132,19,0.7584
2912,132,19,0.6356
2913,132,19,0.5735
2914,132,19,0.5552
2915,132,19,0.9753
2916,132,19,0.0960
2917,132,19,0.9189
2918,132,19,0.0728
3031,148,59,0.9432
3032,148,59,0.7963
3033,148,59,0.9013
2642,121,19,0.8764
2643,121,19,0.5906
2644,121,19,0.9874
2645,121,19,0.9439
2646,121,19,0.9531
2647,121,19,0.6659
2648,121,19,0.9161
2649,121,19,0.6030
2650,121,19,0.2703
2651,121,19,0.2355
2919,132,19,0.3693
2920,132,19,0.5965
3034,148,59,0.9551
3035,148,59,0.3846
3036,148,59,0.9775
3037,148,59,0.5305
3038,148,59,0.9887
3039,148,59,0.5657
3040,148,59,0.9816
3041,148,59,0.9495
3042,148,59,0.9768
3043,148,59,0.4709
3128,162,59,0.9287
3129,162,59,0.3605
3130,162,59,0.9312
3131,162,59,0.6554
3132,162,59,0.9529
3133,162,59,0.9724
3134,162,59,0.9560
3135,162,59,0.9406
3136,162,59,0.0879
3137,162,59,0.2267
2652,121,19,0.4427
2653,121,19,0.6333
2654,121,19,0.8786
2655,121,19,0.3939
2656,121,19,0.2601
2657,121,19,0.2730
2658,121,19,0.6620
2921,132,19,0.4719
2922,132,19,0.8583
3044,148,19,0.7506
3045,148,19,0.6976
3046,148,19,0.7933
3047,148,19,0.9398
3048,148,19,0.3254
3049,148,19,0.6692
3050,148,19,0.7123
3051,148,19,0.9686
3052,148,19,0.9102
3053,148,19,0.4121
3138,162,19,0.8773
3139,162,19,0.2578
3140,162,19,0.8242
3141,162,19,0.3285
3142,162,19,0.9456
2659,121,19,0.6843
2660,121,19,0.2089
2661,121,19,0.5294
2662,121,19,0.8631
2663,121,19,0.1045
2664,121,19,0.8700
2665,121,19,0.4917
2666,121,19,0.8503
2923,132,19,0.6845
2924,132,19,0.9439
2925,132,19,0.7702
2926,132,19,0.9722
2927,132,19,0.9836
2928,132,19,0.9802
2929,132,19,0.6748
2930,132,19,0.4334
2931,132,19,0.0900
2932,132,19,0.8624
3054,148,19,0.4066
3055,148,19,0.4213
3056,148,19,0.0728
3057,148,19,0.6223
3058,148,19,0.5767
3059,148,19,0.8918
3060,148,19,0.9805
3061,148,19,0.9843
3062,148,19,0.9905
3063,148,19,0.9899
3143,162,19,0.4295
3144,162,19,0.6795
2667,121,19,0.7959
2668,121,19,0.0261
2669,121,19,0.4310
2670,121,19,0.1634
2671,121,19,0.8693
2672,121,19,0.9792
2673,121,19,0.9884
2674,121,19,0.9907
2675,121,19,0.9908
2676,121,19,0.9900
2933,132,19,0.9202
2934,132,19,0.9660
2935,132,19,0.9842
2936,132,19,0.9391
3064,148,19,0.3309
3065,148,19,0.1317
3066,148,19,0.6816
3067,148,19,0.7887
3068,148,19,0.3118
3145,162,19,0.3581
3146,162,19,0.3974
2677,121,19,0.5744
2678,121,19,0.9747
2679,121,19,0.8386
2680,121,19,0.9707
2681,121,19,0.9295
2682,121,19,0.8859
2683,121,19,0.6407
2684,121,19,0.9518
2685,121,19,0.0259
2686,121,19,0.9436
2937,132,19,0.7302
2938,132,19,0.8748
2939,132,19,0.3529
3069,148,19,0.7901
3070,148,19,0.5864
3071,148,19,0.8285
3072,148,19,0.9431
3073,148,19,0.9635
3074,148,19,0.9754
3075,148,19,0.9022
3076,148,19,0.9626
3077,148,19,0.2217
3078,148,19,0.9528
3147,162,19,0.8325
3148,162,19,0.8992
3149,162,19,0.9746
3150,162,19,0.7346
3151,162,19,0.9716
3152,162,19,0.9718
3153,162,19,0.0805
2687,121,19,0.4298
2688,121,19,0.2781
2689,121,19,0.8399
2690,121,19,0.6781
2691,121,19,0.8746
2692,121,19,0.5414
2693,121,19,0.2399
2694,121,19,0.3699
2695,121,19,0.8519
2696,121,19,0.9588
2940,132,19,0.5974
2941,132,19,0.9700
2942,132,19,0.9825
2943,132,19,0.9816
2944,132,19,0.9836
2945,132,19,0.9873
2946,132,19,0.9702
2947,132,19,0.0314
2948,132,19,0.7403
2949,132,19,0.0642
3079,148,19,0.4776
3080,148,19,0.9000
3154,162,19,0.8602
3155,162,19,0.7606
3156,162,19,0.5120
3157,162,19,0.8435
3158,162,19,0.7226
3159,162,19,0.8894
2697,121,19,0.4566
2950,132,19,0.9225
2951,132,19,0.2232
2952,132,19,0.8179
2953,132,19,0.9621
2954,132,19,0.8283
2955,132,19,0.2731
2956,132,19,0.5257
2957,132,19,0.8180
2958,132,19,0.4923
2959,132,19,0.6559
3081,148,19,0.8378
3082,148,19,0.9471
3083,148,19,0.8897
3084,148,19,0.6509
3085,148,19,0.6819
3086,148,19,0.6676
3087,148,19,0.9017
3088,148,19,0.6933
3089,148,19,0.5586
3090,148,19,0.7563
3160,162,19,0.8136
3161,162,19,0.4489
3162,162,19,0.1542
2698,121,19,0.8932
2699,121,19,0.8346
2700,121,19,0.8595
2701,121,19,0.4914
2960,132,19,0.6970
2961,132,19,0.9404
2962,132,19,0.3328
3091,148,19,0.7971
3092,148,19,0.8630
3093,148,19,0.6343
3163,162,19,0.6312
3164,162,19,0.7552
2702,121,19,0.7121
2703,121,19,0.9515
2704,121,19,0.9641
2705,121,19,0.9582
2706,121,19,0.6178
2707,121,19,0.6586
2708,121,19,0.4341
2709,121,19,0.3426
2710,121,19,0.9013
2711,121,19,0.5588
2963,132,19,0.8830
2964,132,19,0.8023
2965,132,19,0.1260
3094,148,19,0.7722
3095,148,19,0.6770
3096,148,19,0.9003
3097,148,19,0.9716
3098,148,19,0.9819
3099,148,19,0.2668
3100,148,19,0.4968
3101,148,19,0.4165
3102,148,19,0.9111
3103,148,19,0.9462
3165,162,19,0.8199
3166,162,19,0.5526
3167,162,19,0.9795
3168,162,19,0.9873
3169,162,19,0.8764
3170,162,19,0.8894
3171,162,19,0.8463
3172,162,19,0.9791
3173,162,19,0.7468
2712,121,19,0.7217
2713,121,19,0.9846
2714,121,19,0.1261
2715,121,19,0.7820
2716,121,19,0.0537
2717,121,19,0.5059
2718,121,19,0.9602
2719,121,19,0.9686
2720,121,19,0.9854
2721,121,19,0.9900
2966,132,59,0.7356
2967,132,59,0.8323
2968,132,59,0.3541
2969,132,59,0.3891
2970,132,59,0.7196
2971,132,59,0.9785
2972,132,59,0.7874
2973,132,59,0.4886
2974,132,59,0.7458
2975,132,59,0.9808
3104,148,19,0.8444
3105,148,19,0.1166
3106,148,19,0.1311
3174,162,19,0.5865
3175,162,19,0.9785
3176,162,19,0.9832
3177,162,19,0.9879
3178,162,19,0.9599
3179,162,19,0.7946
3180,162,19,0.9542
3181,162,19,0.9012
3182,162,19,0.9761
3183,162,19,0.9795
2722,121,19,0.3257
2723,121,19,0.5253
2976,132,59,0.9694
2977,132,59,0.9779
2978,132,59,0.9211
2979,132,59,0.6960
2980,132,59,0.9308
2981,132,59,0.5863
2982,132,59,0.7791
2983,132,59,0.4892
2984,132,59,0.7752
2985,132,59,0.5231
3107,148,19,0.4082
3108,148,19,0.9374
3109,148,19,0.5149
3110,148,19,0.6601
3111,148,19,0.9605
3112,148,19,0.9614
3113,148,19,0.9041
3114,148,19,0.0183
3184,162,19,0.7216
3185,162,19,0.8373
2724,121,19,0.8010
2725,121,19,0.7456
2726,121,19,0.8080
2986,132,19,0.2366
2987,132,19,0.3804
2988,132,19,0.4495
3115,148,19,0.3990
3116,148,19,0.7381
3186,162,19,0.8606
3187,162,19,0.8772
3188,162,19,0.9656
3189,162,19,0.9393
3190,162,19,0.9313
3191,162,19,0.8545
3192,162,19,0.9733
3193,162,19,0.9793
3194,162,19,0.9634
2727,121,19,0.8821
2728,121,19,0.9569
2729,121,19,0.5744
2730,121,19,0.0221
2731,121,19,0.5413
2732,121,19,0.3484
2733,121,19,0.2435
2734,121,19,0.2404
2735,121,19,0.4532
2736,121,19,0.4018
2989,132,59,0.6219
2990,132,59,0.8356
3117,148,19,0.3314
3118,148,19,0.3793
3195,167,59,0.8219
3196,167,59,0.9317
3197,167,59,0.6635
3198,167,59,0.5641
3199,167,59,0.9488
3200,167,59,0.6664
3201,167,59,0.9195
3202,167,59,0.9041
3203,167,59,0.4837
3204,167,59,0.9486
2737,121,19,0.7283
2738,121,19,0.9643
2739,121,19,0.7088
2740,121,19,0.9719
2741,121,19,0.0579
2742,121,19,0.8216
2743,121,19,0.6224
2744,121,19,0.9672
2745,121,19,0.2646
2746,121,19,0.3004
2991,132,59,0.5376
2992,132,59,0.9180
2993,132,59,0.9425
2994,132,59,0.7946
2995,132,59,0.5057
2996,132,59,0.9839
2997,132,59,0.9768
2998,132,59,0.9574
2999,132,59,0.7062
3000,132,59,0.8414
3119,148,19,0.8274
3120,148,19,0.2125
3121,148,19,0.8804
3122,148,19,0.8418
3123,148,19,0.9382
3124,148,19,0.9820
3125,148,19,0.9763
3126,148,19,0.6428
3127,148,19,0.9652
3205,167,59,0.7298
3206,167,59,0.9848
3207,167,59,0.8919
3208,167,59,0.6994
3209,167,59,0.3989
3210,167,59,0.9004
3211,167,59,0.7692
3212,167,59,0.4606
3213,167,59,0.0626
3214,167,59,0.9562
2747,121,19,0.6741
2748,121,19,0.9248
2749,121,19,0.6095
2750,121,19,0.4877
2751,121,19,0.8656
2752,121,19,0.9721
2753,121,19,0.8806
2754,121,19,0.9590
2755,121,19,0.4140
2756,121,19,0.2860
3001,132,59,0.9177
3002,132,59,0.9495
3003,132,59,0.9763
3004,132,59,0.7664
3005,132,59,0.4702
3006,132,59,0.3653
3007,132,59,0.2942
3008,132,59,0.6548
3009,132,59,0.9654
3215,167,59,0.7475
3216,167,59,0.2805
3217,167,59,0.7193
3308,168,59,0.8962
3309,168,59,0.9788
3310,168,59,0.6347
3311,168,59,0.9849
3312,168,59,0.9849
3313,168,59,0.5789
3314,168,59,0.9189
3315,168,59,0.0766
2757,121,19,0.8333
2758,121,19,0.9576
2759,121,19,0.9685
2760,121,19,0.9847
2761,121,19,0.6194
2762,121,19,0.9735
2763,121,19,0.0164
2764,121,19,0.3790
2765,121,19,0.9784
3010,132,59,0.5351
3011,132,59,0.9043
3012,132,59,0.5352
3013,132,59,0.6608
3014,132,59,0.9020
3015,132,59,0.8040
3016,132,59,0.8346
3017,132,59,0.7261
3018,132,59,0.6085
3019,132,59,0.3625
3218,167,59,0.5617
3219,167,59,0.8877
3316,168,59,0.4485
3020,132,59,0.1786
3220,167,59,0.9213
3221,167,59,0.8009
3222,167,59,0.8575
3223,167,59,0.4478
3317,168,59,0.9748
3318,168,59,0.2222
3319,168,59,0.3917
3320,168,59,0.9310
3321,168,59,0.7263
3322,168,59,0.5351
3323,168,59,0.8726
3324,168,59,0.8959
3325,168,59,0.6758
3447,170,59,0.9393
3448,170,59,0.9832
3449,170,59,0.9743
3450,170,59,0.9326
3451,170,59,0.9740
3452,170,59,0.8330
3453,170,59,0.0296
3454,170,59,0.0810
3455,170,59,0.3704
3456,170,59,0.7625
3224,167,59,0.9210
3225,167,59,0.4129
3226,167,59,0.4852
3227,167,59,0.3219
3326,168,59,0.6917
3327,168,59,0.9587
3457,170,59,0.3289
3458,170,59,0.1155
3459,170,59,0.4884
3460,170,59,0.8342
3461,170,59,0.9777
3462,170,59,0.9901
3463,170,59,0.9915
3464,170,59,0.9941
3465,170,59,0.9940
3466,170,59,0.9938
3707,177,59,0.9486
3708,177,59,0.9440
3709,177,59,0.9663
3710,177,59,0.7031
3711,177,59,0.9616
3712,177,59,0.2516
3713,177,59,0.6699
3714,177,59,0.6334
3715,177,59,0.9615
3716,177,59,0.3745
3228,167,59,0.8969
3229,167,59,0.0443
3230,167,59,0.6407
3231,167,59,0.9756
3232,167,59,0.5214
3233,167,59,0.3580
3234,167,59,0.3109
3235,167,59,0.1811
3236,167,59,0.4191
3237,167,59,0.8222
3328,168,59,0.8484
3329,168,59,0.9639
3330,168,59,0.8576
3331,168,59,0.9411
3332,168,59,0.9780
3333,168,59,0.6049
3467,170,59,0.9030
3468,170,59,0.9646
3469,170,59,0.2994
3470,170,59,0.4337
3471,170,59,0.8778
3472,170,59,0.8832
3473,170,59,0.6842
3474,170,59,0.8788
3475,170,59,0.9751
3476,170,59,0.9770
3717,177,59,0.9105
3718,177,59,0.5882
3719,177,59,0.9747
3720,177,59,0.6214
3721,177,59,0.9811
3722,177,59,0.9405
3723,177,59,0.8685
3724,177,59,0.9725
3725,177,59,0.5650
3238,167,59,0.7467
3239,167,59,0.6926
3240,167,59,0.9553
3241,167,59,0.9816
3242,167,59,0.6741
3243,167,59,0.3853
3244,167,59,0.6841
3245,167,59,0.6172
3246,167,59,0.9596
3247,167,59,0.7021
3334,168,59,0.9579
3335,168,59,0.6299
3336,168,59,0.0494
3477,170,59,0.6733
3478,170,59,0.3751
3479,170,59,0.6761
3480,170,59,0.7717
3481,170,59,0.9146
3482,170,59,0.9588
3483,170,59,0.9680
3484,170,59,0.9712
3485,170,59,0.9727
3486,170,59,0.9740
3726,177,19,0.9338
3727,177,19,0.8256
3728,177,19,0.2607
3729,177,19,0.9526
3730,177,19,0.7842
3731,177,19,0.9576
3732,177,19,0.9429
3733,177,19,0.9505
3734,177,19,0.9586
3735,177,19,0.9612
3248,167,59,0.9686
3249,167,59,0.9074
3250,167,59,0.9832
3251,167,59,0.6461
3252,167,59,0.1811
3253,167,59,0.6950
3254,167,59,0.4801
3255,167,59,0.7249
3256,167,59,0.3523
3337,168,59,0.8282
3338,168,59,0.9554
3339,168,59,0.9381
3340,168,59,0.1100
3341,168,59,0.7695
3342,168,59,0.9504
3343,168,59,0.9902
3344,168,59,0.9686
3345,168,59,0.9763
3346,168,59,0.9788
3487,170,59,0.6996
3488,170,59,0.6737
3489,170,59,0.4283
3490,170,59,0.3750
3491,170,59,0.7932
3492,170,59,0.9470
3493,170,59,0.0210
3494,170,59,0.9249
3495,170,59,0.0505
3496,170,59,0.0666
3736,177,19,0.5764
3737,177,19,0.6356
3257,167,59,0.9217
3258,167,59,0.9019
3259,167,59,0.1020
3260,167,59,0.3214
3261,167,59,0.6565
3262,167,59,0.0629
3263,167,59,0.5294
3264,167,59,0.5944
3347,168,19,0.3446
3348,168,19,0.8306
3497,170,59,0.1096
3498,170,59,0.5644
3499,170,59,0.8972
3500,170,59,0.5145
3501,170,59,0.5929
3502,170,59,0.8733
3503,170,59,0.8902
3504,170,59,0.5615
3505,170,59,0.3865
3506,170,59,0.5967
3738,177,19,0.8278
3739,177,19,0.9779
3740,177,19,0.9860
3741,177,19,0.9188
3742,177,19,0.9700
3743,177,19,0.9472
3744,177,19,0.5022
3745,177,19,0.9300
3746,177,19,0.9697
3747,177,19,0.8723
3265,167,59,0.3409
3266,167,59,0.6505
3349,168,19,0.6602
3350,168,19,0.9359
3351,168,19,0.9117
3352,168,19,0.9168
3353,168,19,0.9684
3354,168,19,0.9811
3355,168,19,0.8662
3356,168,19,0.1589
3357,168,19,0.3719
3507,170,59,0.8325
3508,170,59,0.0557
3509,170,59,0.6103
3510,170,59,0.0227
3511,170,59,0.9618
3512,170,59,0.7977
3513,170,59,0.7129
3514,170,59,0.8288
3515,170,59,0.0163
3516,170,59,0.9804
3748,193,59,0.9436
3749,193,59,0.9264
3750,193,59,0.3984
3751,193,59,0.3503
3752,193,59,0.9278
3753,193,59,0.1000
3754,193,59,0.6157
3755,193,59,0.3530
3756,193,59,0.4412
3757,193,59,0.2873
3267,167,59,0.1658
3268,167,59,0.6557
3358,168,19,0.8763
3359,168,19,0.4456
3360,168,19,0.9800
3361,168,19,0.2678
3362,168,19,0.7158
3363,168,19,0.7444
3364,168,19,0.9625
3365,168,19,0.1159
3517,170,59,0.8205
3518,170,59,0.0688
3519,170,59,0.5559
3520,170,59,0.3854
3521,170,59,0.9026
3522,170,59,0.3683
3523,170,59,0.9528
3524,170,59,0.7549
3525,170,59,0.7034
3526,170,59,0.9366
3758,193,59,0.9197
3759,193,59,0.7369
3760,193,59,0.9375
3761,193,59,0.4666
3762,193,59,0.4016
3763,193,59,0.8786
3764,193,59,0.9502
3765,193,59,0.8293
3766,193,59,0.2517
3767,193,59,0.9548
3269,167,59,0.7702
3270,167,59,0.9695
3366,168,19,0.7524
3367,168,19,0.9613
3368,168,19,0.8833
3369,168,19,0.4149
3370,168,19,0.9112
3527,170,59,0.3744
3528,170,59,0.4630
3529,170,59,0.8831
3530,170,59,0.6242
3531,170,59,0.9608
3532,170,59,0.9715
3533,170,59,0.5639
3534,170,59,0.3758
3535,170,59,0.8109
3536,170,59,0.7817
3768,193,59,0.8923
3769,193,59,0.0937
3770,193,59,0.6183
3771,193,59,0.7324
3772,193,59,0.5121
3773,193,59,0.6327
3774,193,59,0.6766
3775,193,59,0.9773
3776,193,59,0.3108
3777,193,59,0.6907
3271,167,59,0.5263
3272,167,59,0.8592
3371,168,19,0.8186
3372,168,19,0.3261
3373,168,19,0.8370
3374,168,19,0.6709
3375,168,19,0.2568
3537,170,59,0.1760
3538,170,59,0.1130
3539,170,59,0.2911
3540,170,59,0.9286
3541,170,59,0.9719
3542,170,59,0.9876
3543,170,59,0.9895
3544,170,59,0.9898
3545,170,59,0.9891
3546,170,59,0.9894
3778,193,59,0.9158
3779,193,59,0.6089
3780,193,59,0.7189
3781,193,59,0.9179
3782,193,59,0.6864
3783,193,59,0.6488
3784,193,59,0.9790
3785,193,59,0.9674
3786,193,59,0.6206
3787,193,59,0.6843
3273,167,59,0.8488
3274,167,59,0.9814
3275,167,59,0.2600
3276,167,59,0.9609
3376,168,19,0.7842
3377,168,19,0.7479
3378,168,19,0.3389
3379,168,19,0.7204
3380,168,19,0.5610
3381,168,19,0.3504
3547,170,59,0.9354
3548,170,59,0.9907
3549,170,59,0.9750
3550,170,59,0.6620
3551,170,59,0.0677
3552,170,59,0.9176
3553,170,59,0.2846
3554,170,59,0.8892
3555,170,59,0.1002
3556,170,59,0.2229
3788,193,19,0.5638
3789,193,19,0.5074
3790,193,19,0.8604
3277,167,59,0.7350
3278,167,59,0.6537
3279,167,59,0.5894
3382,168,19,0.3382
3383,168,19,0.5946
3557,170,59,0.8164
3558,170,59,0.9130
3559,170,59,0.7468
3560,170,59,0.7200
3561,170,59,0.3325
3562,170,59,0.3149
3563,170,59,0.2979
3564,170,59,0.6719
3565,170,59,0.7183
3566,170,59,0.8451
3791,193,19,0.6638
3792,193,19,0.5994
3793,193,19,0.9718
3794,193,19,0.4486
3795,193,19,0.8140
3796,193,19,0.9627
3797,193,19,0.5729
3798,193,19,0.2916
3799,193,19,0.7902
3800,193,19,0.9043
3280,167,59,0.8876
3281,167,59,0.9599
3282,167,59,0.9797
3283,167,59,0.9844
3284,167,59,0.4756
3285,167,59,0.7476
3286,167,59,0.4890
3287,167,59,0.5695
3288,167,59,0.7650
3289,167,59,0.9516
3384,168,19,0.4881
3385,168,19,0.9772
3386,168,19,0.8728
3387,168,19,0.8029
3388,168,19,0.5987
3389,168,19,0.7998
3390,168,19,0.6882
3391,168,19,0.9645
3392,168,19,0.8420
3393,168,19,0.1042
3567,170,59,0.8829
3568,170,59,0.6919
3569,170,59,0.6649
3570,170,59,0.9767
3571,170,59,0.9502
3572,170,59,0.9880
3573,170,59,0.5306
3574,170,59,0.3678
3575,170,59,0.9666
3576,170,59,0.8549
3801,193,19,0.1376
3802,193,19,0.9664
3803,193,19,0.8733
3804,193,19,0.7737
3805,193,19,0.9666
3806,193,19,0.9817
3807,193,19,0.2507
3808,193,19,0.2793
3809,193,19,0.7252
3810,193,19,0.7116
3290,167,59,0.8435
3291,167,59,0.6724
3292,167,59,0.9735
3293,167,59,0.9766
3294,167,59,0.3945
3295,167,59,0.9839
3296,167,59,0.3442
3297,167,59,0.6089
3394,168,19,0.8711
3395,168,19,0.9423
3396,168,19,0.1179
3397,168,19,0.6271
3577,170,59,0.0927
3578,170,59,0.3849
3579,170,59,0.4370
3580,170,59,0.7519
3581,170,59,0.9617
3582,170,59,0.9686
3583,170,59,0.9777
3584,170,59,0.9809
3585,170,59,0.9832
3586,170,59,0.9805
3811,193,19,0.3278
3812,193,19,0.7136
3813,193,19,0.7790
3814,193,19,0.6748
3815,193,19,0.4103
3816,193,19,0.9787
3817,193,19,0.9564
3818,193,19,0.9876
3819,193,19,0.9922
3820,193,19,0.9901
3298,167,19,0.6556
3299,167,19,0.9690
3300,167,19,0.9532
3301,167,19,0.9621
3302,167,19,0.9080
3303,167,19,0.9373
3304,167,19,0.9566
3305,167,19,0.9439
3306,167,19,0.6700
3307,167,19,0.5808
3398,168,19,0.8778
3399,168,19,0.4521
3587,170,59,0.6924
3588,170,59,0.7274
3589,170,59,0.9756
3590,170,59,0.9392
3591,170,59,0.4369
3592,170,59,0.8622
3593,170,59,0.3647
3594,170,59,0.7772
3595,170,59,0.4839
3596,170,59,0.7785
3821,193,19,0.9590
3822,193,19,0.0649
3823,193,19,0.9069
3824,193,19,0.9700
3825,193,19,0.4435
3826,193,19,0.2961
3827,193,19,0.8223
3828,193,19,0.9313
3829,193,19,0.9515
3830,193,19,0.9819
3400,168,19,0.3360
3401,168,19,0.5353
3597,170,59,0.6003
3598,170,59,0.0156
3599,170,59,0.1707
3600,170,59,0.2917
3601,170,59,0.7972
3602,170,59,0.9466
3603,170,59,0.9341
3604,170,59,0.8048
3605,170,59,0.3161
3606,170,59,0.9481
3831,193,19,0.9679
3832,193,19,0.9325
3833,193,19,0.6802
3834,193,19,0.9734
3835,193,19,0.7789
3836,193,19,0.8354
3837,193,19,0.4758
3838,193,19,0.3315
3839,193,19,0.4884
3840,193,19,0.9623
3851,195,59,0.7620
3852,195,59,0.8394
3853,195,59,0.4737
3854,195,59,0.8451
3855,195,59,0.6822
3856,195,59,0.9728
3857,195,59,0.4009
3858,195,59,0.4327
3859,195,59,0.9282
3860,195,59,0.9064
3402,168,19,0.7027
3403,168,19,0.9770
3404,168,19,0.7393
3405,168,19,0.6682
3406,168,19,0.5425
3407,168,19,0.5286
3607,170,59,0.3070
3608,170,59,0.5723
3609,170,59,0.7984
3610,170,59,0.9731
3611,170,59,0.9575
3612,170,59,0.9786
3613,170,59,0.9856
3614,170,59,0.9696
3615,170,59,0.1036
3616,170,59,0.0356
3841,193,19,0.6636
3842,193,19,0.5639
3843,193,19,0.6989
3844,193,19,0.9590
3845,193,19,0.6334
3846,193,19,0.9882
3847,193,19,0.6118
3848,193,19,0.9533
3849,193,19,0.7178
3850,193,19,0.7314
3861,195,19,0.3965
3862,195,19,0.6574
3863,195,19,0.7750
3864,195,19,0.9790
3865,195,19,0.9805
3866,195,19,0.9877
3867,195,19,0.9784
3868,195,19,0.9929
3869,195,19,0.9944
3870,195,19,0.9942
3408,168,19,0.2529
3409,168,19,0.8374
3617,170,59,0.0423
3618,170,59,0.6333
3619,170,59,0.2233
3620,170,59,0.3980
3621,170,59,0.8694
3622,170,59,0.0168
3623,170,59,0.9053
3624,170,59,0.8674
3625,170,59,0.7738
3626,170,59,0.9487
3871,195,19,0.1701
3872,195,19,0.3284
3873,195,19,0.6596
3874,195,19,0.4431
3875,195,19,0.9683
3876,195,19,0.9662
3877,195,19,0.9891
3878,195,19,0.9923
3879,195,19,0.9898
3880,195,19,0.9905
4021,196,59,0.6657
4022,196,59,0.7517
4023,196,59,0.9817
4024,196,59,0.3859
4025,196,59,0.6006
4026,196,59,0.9018
4027,196,59,0.9545
4028,196,59,0.0619
4029,196,59,0.3717
4030,196,59,0.9640
3410,168,19,0.5484
3411,168,19,0.6248
3412,168,19,0.9142
3413,168,19,0.0970
3414,168,19,0.5381
3415,168,19,0.3578
3416,168,19,0.2831
3417,168,19,0.8643
3627,170,59,0.8492
3628,170,59,0.9504
3629,170,59,0.8903
3630,170,59,0.0203
3631,170,59,0.6696
3632,170,59,0.9665
3633,170,59,0.4733
3634,170,59,0.3979
3635,170,59,0.6919
3636,170,59,0.7241
3881,195,19,0.9179
3882,195,19,0.7462
3883,195,19,0.9855
3884,195,19,0.0487
3885,195,19,0.6625
3886,195,19,0.9509
3887,195,19,0.3816
3888,195,19,0.4281
3889,195,19,0.3932
3890,195,19,0.7618
4031,196,19,0.5307
4032,196,19,0.7492
4033,196,19,0.7983
4034,196,19,0.8780
4035,196,19,0.9732
4036,196,19,0.6414
4037,196,19,0.6882
4038,196,19,0.0260
4039,196,19,0.4641
4040,196,19,0.5018
3418,168,19,0.5424
3419,168,19,0.6009
3637,170,59,0.9050
3638,170,59,0.8540
3639,170,59,0.9624
3640,170,59,0.8903
3641,170,59,0.6524
3642,170,59,0.8153
3643,170,59,0.3137
3644,170,59,0.5564
3645,170,59,0.5618
3646,170,59,0.9145
3891,195,19,0.8240
3892,195,19,0.0841
3893,195,19,0.9268
3894,195,19,0.9660
3895,195,19,0.9607
3896,195,19,0.7835
3897,195,19,0.9646
3898,195,19,0.9556
3899,195,19,0.9767
3900,195,19,0.9851
4041,196,19,0.6927
4042,196,19,0.9696
4043,196,19,0.9309
4044,196,19,0.9748
4045,196,19,0.4237
4046,196,19,0.9505
4047,196,19,0.2959
4048,196,19,0.8061
4049,196,19,0.9290
4050,196,19,0.4997
3420,168,19,0.5103
3421,168,19,0.3631
3422,168,19,0.6549
3423,168,19,0.8153
3424,168,19,0.4724
3425,168,19,0.8494
3426,168,19,0.6831
3647,170,59,0.0456
3648,170,59,0.4976
3649,170,59,0.3022
3650,170,59,0.4330
3651,170,59,0.4243
3652,170,59,0.8966
3653,170,59,0.9859
3654,170,59,0.9888
3655,170,59,0.9928
3656,170,59,0.9949
3901,195,19,0.1805
3902,195,19,0.6433
3903,195,19,0.5421
3904,195,19,0.9595
3905,195,19,0.9907
3906,195,19,0.9891
3907,195,19,0.9933
3908,195,19,0.9913
3909,195,19,0.9932
3910,195,19,0.9928
4051,196,19,0.6901
4052,196,19,0.3660
4053,196,19,0.6212
4054,196,19,0.7304
4055,196,19,0.7427
4056,196,19,0.7028
4057,196,19,0.6816
4058,196,19,0.6689
4059,196,19,0.4248
4060,196,19,0.4864
3427,168,19,0.1166
3428,168,19,0.4360
3657,170,59,0.9486
3658,170,59,0.6750
3659,170,59,0.9071
3660,170,59,0.5849
3661,170,59,0.9634
3662,170,59,0.7202
3663,170,59,0.7881
3664,170,59,0.6555
3665,170,59,0.4514
3666,170,59,0.7616
3911,195,19,0.9720
3912,195,19,0.9912
3913,195,19,0.9907
3914,195,19,0.8498
3915,195,19,0.2986
3916,195,19,0.0800
3917,195,19,0.9347
3918,195,19,0.9749
3919,195,19,0.9931
3920,195,19,0.9932
4061,196,19,0.8880
4062,196,19,0.3715
4063,196,19,0.6169
4064,196,19,0.5017
4065,196,19,0.0790
4066,196,19,0.5117
4067,196,19,0.9719
4068,196,19,0.9870
4069,196,19,0.9741
4070,196,19,0.9865
3429,168,19,0.7910
3430,168,19,0.3134
3431,168,19,0.7445
3432,168,19,0.7017
3433,168,19,0.8961
3434,168,19,0.9574
3435,168,19,0.8804
3436,168,19,0.3322
3667,170,59,0.9015
3668,170,59,0.0903
3669,170,59,0.9453
3670,170,59,0.4258
3671,170,59,0.8498
3672,170,59,0.8489
3673,170,59,0.9180
3674,170,59,0.2526
3675,170,59,0.7737
3676,170,59,0.6995
3921,195,19,0.1875
3922,195,19,0.7562
3923,195,19,0.9544
3924,195,19,0.5357
3925,195,19,0.8581
3926,195,19,0.9730
3927,195,19,0.8863
3928,195,19,0.9768
3929,195,19,0.9881
3930,195,19,0.9903
4071,196,19,0.8815
4072,196,19,0.4616
4073,196,19,0.6315
4074,196,19,0.6735
4075,196,19,0.8728
4076,196,19,0.8803
4077,196,19,0.6055
4078,196,19,0.5712
4079,196,19,0.5777
4080,196,19,0.5978
3437,168,19,0.9228
3438,168,19,0.6040
3439,168,19,0.3441
3440,168,19,0.5139
3441,168,19,0.4835
3442,168,19,0.9698
3443,168,19,0.9767
3444,168,19,0.9791
3445,168,19,0.9825
3446,168,19,0.9801
3677,170,19,0.7907
3678,170,19,0.3612
3679,170,19,0.3858
3680,170,19,0.6807
3681,170,19,0.7952
3682,170,19,0.9558
3683,170,19,0.0405
3684,170,19,0.9559
3685,170,19,0.0139
3686,170,19,0.5024
3931,195,19,0.2254
3932,195,19,0.2097
3933,195,19,0.8350
3934,195,19,0.9667
3935,195,19,0.9834
3936,195,19,0.9881
3937,195,19,0.9926
3938,195,19,0.9900
3939,195,19,0.9908
3940,195,19,0.9935
4081,196,19,0.7851
4082,196,19,0.8645
4083,196,19,0.8916
4084,196,19,0.7396
4085,196,19,0.0284
4086,196,19,0.7652
4087,196,19,0.6657
4088,196,19,0.9738
4089,196,19,0.7528
4090,196,19,0.7520
3687,170,19,0.7301
3688,170,19,0.1959
3689,170,19,0.9527
3690,170,19,0.4705
3691,170,19,0.8686
3692,170,19,0.7818
3693,170,19,0.8830
3694,170,19,0.9624
3695,170,19,0.9868
3696,170,19,0.9916
3941,195,19,0.8368
3942,195,19,0.0298
3943,195,19,0.5270
3944,195,19,0.5188
3945,195,19,0.9172
3946,195,19,0.9672
3947,195,19,0.9787
3948,195,19,0.9864
3949,195,19,0.9922
3950,195,19,0.9913
4091,196,19,0.4462
4092,196,19,0.5986
4244,199,59,0.9043
4245,199,59,0.9468
4246,199,59,0.9869
4247,199,59,0.1323
3697,170,19,0.8981
3698,170,19,0.9803
3699,170,19,0.9889
3700,170,19,0.9898
3701,170,19,0.9908
3702,170,19,0.9879
3703,170,19,0.9433
3704,170,19,0.7622
3705,170,19,0.6571
3706,170,19,0.9749
3951,195,19,0.4945
3952,195,19,0.3458
3953,195,19,0.6619
3954,195,19,0.9387
3955,195,19,0.9875
3956,195,19,0.9915
3957,195,19,0.9925
3958,195,19,0.9878
3959,195,19,0.9893
3960,195,19,0.9926
4093,196,19,0.4460
4248,199,59,0.2950
4249,199,59,0.5758
3961,195,19,0.6999
3962,195,19,0.9630
3963,195,19,0.8629
3964,195,19,0.6899
3965,195,19,0.3587
3966,195,19,0.3721
3967,195,19,0.2783
3968,195,19,0.9612
3969,195,19,0.9812
3970,195,19,0.9818
4094,196,19,0.2015
4095,196,19,0.6236
4096,196,19,0.6995
4097,196,19,0.8097
4098,196,19,0.5587
4099,196,19,0.0370
4100,196,19,0.9051
4101,196,19,0.7635
4102,196,19,0.9308
4103,196,19,0.8330
4250,199,59,0.6333
4251,199,59,0.9172
4252,199,59,0.8833
4253,199,59,0.9433
4254,199,59,0.0330
4343,204,59,0.7898
4344,204,59,0.5441
4345,204,59,0.8652
4346,204,59,0.9413
4347,204,59,0.9821
4348,204,59,0.9873
4349,204,59,0.9642
4350,204,59,0.9533
4351,204,59,0.5957
4352,204,59,0.5810
3971,195,19,0.8384
3972,195,19,0.4471
3973,195,19,0.9218
3974,195,19,0.6619
3975,195,19,0.8914
3976,195,19,0.9349
3977,195,19,0.9801
3978,195,19,0.0155
3979,195,19,0.7408
3980,195,19,0.6762
4104,196,19,0.4882
4105,196,19,0.7164
4106,196,19,0.0293
4107,196,19,0.8448
4108,196,19,0.1021
4109,196,19,0.7308
4110,196,19,0.9349
4111,196,19,0.9757
4112,196,19,0.0357
4113,196,19,0.7919
4255,199,59,0.9334
4256,199,59,0.9623
4257,199,59,0.9562
4258,199,59,0.4371
4259,199,59,0.9549
4260,199,59,0.9827
4261,199,59,0.9862
4262,199,59,0.6397
4263,199,59,0.5847
4264,199,59,0.9369
4353,204,59,0.3174
4354,204,59,0.4238
4355,204,59,0.9001
4356,204,59,0.9478
4357,204,59,0.8660
4358,204,59,0.9189
4359,204,59,0.3197
4360,204,59,0.5135
4361,204,59,0.7593
4362,204,59,0.3957
3981,195,19,0.8775
3982,195,19,0.1084
3983,195,19,0.3140
3984,195,19,0.3484
3985,195,19,0.6348
3986,195,19,0.9617
3987,195,19,0.9876
3988,195,19,0.9892
3989,195,19,0.9903
3990,195,19,0.9927
4114,196,19,0.6935
4115,196,19,0.9851
4116,196,19,0.9273
4117,196,19,0.9617
4118,196,19,0.9825
4119,196,19,0.9584
4120,196,19,0.4789
4121,196,19,0.4058
4122,196,19,0.8838
4123,196,19,0.7875
4265,199,59,0.8121
4266,199,59,0.7148
4267,199,59,0.5199
4268,199,59,0.9252
4269,199,59,0.9360
4270,199,59,0.0788
4271,199,59,0.7447
4272,199,59,0.3400
4273,199,59,0.1068
4363,204,59,0.8141
4364,204,59,0.7488
4365,204,59,0.9178
4366,204,59,0.5168
4367,204,59,0.9219
4368,204,59,0.9454
4369,204,59,0.9781
4370,204,59,0.9122
4371,204,59,0.9076
4372,204,59,0.9735
3991,195,19,0.3865
3992,195,19,0.1618
3993,195,19,0.4061
3994,195,19,0.9621
3995,195,19,0.9843
3996,195,19,0.9926
3997,195,19,0.9932
3998,195,19,0.9928
3999,195,19,0.9931
4000,195,19,0.9928
4124,196,19,0.3482
4125,196,19,0.8178
4126,196,19,0.4350
4127,196,19,0.3302
4128,196,19,0.8353
4129,196,19,0.9073
4130,196,19,0.9682
4131,196,19,0.9728
4132,196,19,0.9829
4133,196,19,0.9811
4274,199,19,0.8551
4275,199,19,0.8368
4276,199,19,0.3287
4277,199,19,0.5138
4278,199,19,0.9555
4279,199,19,0.8865
4373,204,59,0.6339
4374,204,59,0.3845
4375,204,59,0.9261
4376,204,59,0.5880
4377,204,59,0.9466
4378,204,59,0.6798
4379,204,59,0.5050
4380,204,59,0.8914
4381,204,59,0.3506
4382,204,59,0.8889
4001,195,19,0.9559
4002,195,19,0.9311
4003,195,19,0.7899
4004,195,19,0.9883
4005,195,19,0.9222
4006,195,19,0.9443
4007,195,19,0.3735
4008,195,19,0.7085
4009,195,19,0.9817
4010,195,19,0.9904
4134,196,19,0.8774
4135,196,19,0.9737
4136,196,19,0.7808
4137,196,19,0.0485
4138,196,19,0.9287
4139,196,19,0.9541
4140,196,19,0.7449
4141,196,19,0.0423
4142,196,19,0.2602
4143,196,19,0.5047
4280,199,19,0.7821
4281,199,19,0.8895
4282,199,19,0.9592
4283,199,19,0.6762
4284,199,19,0.6778
4285,199,19,0.2743
4286,199,19,0.6103
4287,199,19,0.1978
4383,204,59,0.8991
4384,204,59,0.7277
4385,204,59,0.3510
4386,204,59,0.6228
4387,204,59,0.9563
4388,204,59,0.6687
4389,204,59,0.9167
4390,204,59,0.5249
4391,204,59,0.3303
4392,204,59,0.7000
4011,195,19,0.7100
4012,195,19,0.8147
4013,195,19,0.9117
4014,195,19,0.9866
4015,195,19,0.0790
4016,195,19,0.9521
4017,195,19,0.9351
4018,195,19,0.8894
4019,195,19,0.9832
4020,195,19,0.9856
4144,196,19,0.8869
4145,196,19,0.3753
4146,196,19,0.1164
4147,196,19,0.1667
4148,196,19,0.4228
4149,196,19,0.1870
4150,196,19,0.6280
4151,196,19,0.0957
4152,196,19,0.3764
4153,196,19,0.5143
4288,199,19,0.5951
4289,199,19,0.8704
4290,199,19,0.3816
4393,204,59,0.6305
4394,204,59,0.8922
4395,204,59,0.3330
4396,204,59,0.7438
4397,204,59,0.9613
4398,204,59,0.7653
4399,204,59,0.9281
4400,204,59,0.1533
4401,204,59,0.7883
4402,204,59,0.9813
4154,196,19,0.3968
4155,196,19,0.2702
4156,196,19,0.3435
4157,196,19,0.9818
4158,196,19,0.7825
4159,196,19,0.8197
4160,196,19,0.4685
4161,196,19,0.8120
4162,196,19,0.7813
4163,196,19,0.9630
4291,199,19,0.4401
4292,199,19,0.5516
4293,199,19,0.9697
4294,199,19,0.5638
4295,199,19,0.9279
4296,199,19,0.7737
4297,199,19,0.3246
4298,199,19,0.2100
4403,204,19,0.8339
4404,204,19,0.9556
4405,204,19,0.9696
4406,204,19,0.8127
4407,204,19,0.9793
4408,204,19,0.9799
4409,204,19,0.9783
4410,204,19,0.9848
4411,204,19,0.9648
4164,196,19,0.7995
4165,196,19,0.9206
4166,196,19,0.9781
4167,196,19,0.8194
4168,196,19,0.4947
4169,196,19,0.8878
4170,196,19,0.6277
4171,196,19,0.6889
4172,196,19,0.9754
4173,196,19,0.8973
4299,199,19,0.6973
4300,199,19,0.2650
4174,196,19,0.6747
4175,196,19,0.4424
4176,196,19,0.6370
4177,196,19,0.5940
4178,196,19,0.5112
4179,196,19,0.6223
4180,196,19,0.7490
4181,196,19,0.7915
4182,196,19,0.6270
4183,196,19,0.7654
4301,199,19,0.6684
4302,199,19,0.8116
4303,199,19,0.9128
4304,199,19,0.9790
4305,199,19,0.8800
4306,199,19,0.5014
4307,199,19,0.9803
4308,199,19,0.9692
4309,199,19,0.2844
4310,199,19,0.9448
4184,196,19,0.6361
4185,196,19,0.6350
4186,196,19,0.0398
4187,196,19,0.3561
4188,196,19,0.1965
4189,196,19,0.7259
4190,196,19,0.7762
4191,196,19,0.9266
4192,196,19,0.9614
4193,196,19,0.9673
4311,199,19,0.9785
4312,199,19,0.3788
4313,199,19,0.9253
4314,199,19,0.3948
4194,196,19,0.7162
4195,196,19,0.9749
4196,196,19,0.9844
4197,196,19,0.9864
4198,196,19,0.9140
4199,196,19,0.0711
4200,196,19,0.2953
4201,196,19,0.1482
4202,196,19,0.7473
4203,196,19,0.9205
4315,199,19,0.7829
4316,199,19,0.7844
4204,196,19,0.8985
4205,196,19,0.9433
4206,196,19,0.9869
4207,196,19,0.9576
4208,196,19,0.0220
4209,196,19,0.8398
4210,196,19,0.3631
4211,196,19,0.7971
4212,196,19,0.2179
4213,196,19,0.9684
4317,199,19,0.8005
4318,199,19,0.8119
4319,199,19,0.4906
4320,199,19,0.0255
4214,196,19,0.9086
4215,196,19,0.4146
4216,196,19,0.0692
4217,196,19,0.6271
4218,196,19,0.8377
4219,196,19,0.9875
4220,196,19,0.9894
4221,196,19,0.9921
4222,196,19,0.9917
4223,196,19,0.9943
4321,199,19,0.5693
4322,199,19,0.5975
4224,196,19,0.9433
4225,196,19,0.7519
4226,196,19,0.9709
4227,196,19,0.9638
4228,196,19,0.8975
4229,196,19,0.9756
4230,196,19,0.9142
4231,196,19,0.9513
4232,196,19,0.8134
4233,196,19,0.4132
4323,199,19,0.7080
4324,199,19,0.7147
4325,199,19,0.8933
4234,196,19,0.5462
4235,196,19,0.5389
4236,196,19,0.6260
4237,196,19,0.2727
4238,196,19,0.9714
4239,196,19,0.9013
4240,196,19,0.9577
4241,196,19,0.5916
4242,196,19,0.9832
4243,196,19,0.9846
4326,199,19,0.4029
4327,199,19,0.9626
4328,199,19,0.8966
4329,199,19,0.5973
4330,199,19,0.9183
4331,199,19,0.7621
4332,199,19,0.6962
4333,199,19,0.8395
4334,199,19,0.7257
4335,199,19,0.7755
4336,199,19,0.4020
4337,199,19,0.9126
4338,199,19,0.9626
4339,199,19,0.6214
4340,199,19,0.9188
4341,199,19,0.9556
4342,199,19,0.6792
